alert_id,entity_id,source_system,timestamp,typology,risk_score_source,vendor_metadata,alert_risk_band,rule_name,detection_channel,typology_confidence,user_id,segment,country,direction,amount,sanctions_hit,high_risk_country,repeated_typology,behavioral_baseline_deviation,cross_border,n_hist,peer_segment_percentile
ALT71207,USR78155,Actimize,2026-03-01T20:45:53Z,dormant,73,"{'rule_name': 'AmountSpike', 'alert_age_days': 11, 'detection_channel': 'transaction_monitor'}",MEDIUM,AmountSpike,transaction_monitor,78.4,USR78155,private_banking,US,out,1117.41,False,False,False,0.0,False,9,0.9542885471807748
ALT16207,USR83973,Actimize,2026-02-16T14:34:53Z,smurfing,82,"{'rule_name': 'VelocityThreshold', 'alert_age_days': 5, 'detection_channel': 'network_analytics'}",LOW,VelocityThreshold,network_analytics,68.3,USR83973,smb,US,out,4156.95,False,False,False,0.0,False,0,0.5
ALT24702,USR43301,Oracle FCC,2026-02-20T13:42:53Z,sanctions,63,"{'rule_name': 'DormantReactivate', 'alert_age_days': 6, 'detection_channel': 'surveillance'}",MEDIUM,DormantReactivate,surveillance,63.7,USR43301,private_banking,US,out,3587.15,False,False,False,0.0,False,3,0.5
ALT60482,USR78605,Oracle FCC,2026-02-22T19:39:53Z,burst_activity,33,"{'rule_name': 'SanctionsScreening', 'alert_age_days': 2, 'detection_channel': 'network_analytics'}",LOW,SanctionsScreening,network_analytics,33.8,USR78605,smb,US,out,129.98,False,False,False,0.0,False,0,0.5
ALT67176,USR97068,NICE,2026-03-07T13:42:53Z,burst_activity,31,"{'rule_name': 'PEPMatch', 'alert_age_days': 13, 'detection_channel': 'transaction_monitor'}",LOW,PEPMatch,transaction_monitor,53.7,USR97068,retail,US,out,127.57,False,False,False,0.0,False,0,0.5
ALT12847,USR92675,Actimize,2026-03-04T05:06:53Z,cross_border,51,"{'rule_name': 'CrossBorderFlow', 'alert_age_days': 11, 'detection_channel': 'surveillance'}",HIGH,CrossBorderFlow,surveillance,88.8,USR92675,retail,AE,out,29578.32276387293,False,True,False,0.0,False,0,0.5
ALT51322,USR97561,SAS,2026-02-21T10:24:53Z,structuring,57,"{'rule_name': 'PEPMatch', 'alert_age_days': 8, 'detection_channel': 'network_analytics'}",LOW,PEPMatch,network_analytics,32.1,USR97561,corporate,US,out,224.89,False,False,False,0.0,False,0,0.5
ALT37126,USR69736,Actimize,2026-02-26T08:00:53Z,rapid_velocity,61,"{'rule_name': 'PEPMatch', 'alert_age_days': 8}",HIGH,PEPMatch,transaction_monitor,57.0,USR69736,retail,US,out,3404.58,False,False,False,2.6184082647832496,False,0,0.5
ALT50672,USR9213,Actimize,2026-02-12T19:50:53Z,high_amount_outlier,38,"{'rule_name': 'PEPMatch', 'alert_age_days': 0, 'detection_channel': 'network_analytics'}",HIGH,PEPMatch,network_analytics,94.3,USR9213,smb,US,out,18341.507418947975,False,False,False,0.0,False,0,0.5
ALT95883,USR44568,SAS,2026-03-02T21:18:53Z,cross_border,57,"{'rule_name': 'CrossBorderFlow', 'alert_age_days': 13, 'detection_channel': 'screening'}",MEDIUM,CrossBorderFlow,screening,33.5,USR44568,corporate,US,out,5703.16,False,False,False,0.0,False,7,0.8581630771061848
ALT8584,USR85858,FICO,2026-02-23T08:20:53Z,cross_border,42,"{'rule_name': 'SanctionsScreening', 'alert_age_days': 2}",LOW,SanctionsScreening,network_analytics,81.0,USR85858,smb,US,out,1987.69,False,False,False,0.0,False,0,0.5
ALT99549,USR82762,Actimize,2026-02-22T17:42:53Z,low_buyer_diversity,71,"{'rule_name': 'DormantReactivate', 'alert_age_days': 5, 'detection_channel': 'screening'}",LOW,DormantReactivate,screening,47.5,USR82762,retail,US,out,1499.63,False,False,False,0.0,False,0,0.5
ALT45507,USR6791,Oracle FCC,2026-03-01T17:52:53Z,sanctions,79,"{'rule_name': 'VelocityThreshold', 'alert_age_days': 4}",LOW,VelocityThreshold,network_analytics,88.9,USR6791,corporate,US,out,6631.56,False,False,False,0.0,False,0,0.5
ALT77437,USR65456,FICO,2026-02-25T17:51:53Z,smurfing,68,"{'rule_name': 'CrossBorderFlow', 'alert_age_days': 7}",MEDIUM,CrossBorderFlow,transaction_monitor,80.7,USR65456,corporate,US,out,2218.51,False,False,False,0.0,False,3,0.89219355565399
ALT43022,USR89311,SAS,2026-02-08T22:19:53Z,sanctions,20,"{'rule_name': 'PeerOutlier', 'alert_age_days': 11, 'detection_channel': 'screening'}",HIGH,PeerOutlier,screening,90.2,USR89311,corporate,US,out,29128.210893130334,True,False,False,0.0,False,0,0.5
ALT31784,USR82762,FICO,2026-02-15T09:37:53Z,dormant,94,"{'rule_name': 'StructPattern', 'alert_age_days': 3}",MEDIUM,StructPattern,screening,44.7,USR82762,private_banking,US,out,10103.93,False,False,False,0.0,False,0,0.5
ALT77288,USR8925,NICE,2026-02-12T01:23:53Z,dormant,21,"{'rule_name': 'AmountSpike', 'alert_age_days': 0}",MEDIUM,AmountSpike,transaction_monitor,83.55701931712349,USR8925,retail,US,out,1303.45,False,False,False,0.0,False,6,0.5
ALT69078,USR8925,SAS,2026-02-28T19:16:53Z,flow_through,94,"{'rule_name': 'SanctionsScreening', 'alert_age_days': 13}",MEDIUM,SanctionsScreening,screening,93.45867453499598,USR8925,smb,US,out,694.71,False,False,False,0.0,False,3,0.8586734485002797
ALT15261,USR43887,Actimize,2026-02-07T19:27:53Z,cross_border,22,"{'rule_name': 'StructPattern', 'alert_age_days': 13, 'detection_channel': 'screening'}",HIGH,StructPattern,screening,46.7,USR43887,retail,US,out,21267.368811735156,False,False,False,0.0,True,0,0.5
ALT70834,USR43887,Actimize,2026-02-12T19:52:53Z,sanctions,58,"{'rule_name': 'AmountSpike', 'alert_age_days': 4}",MEDIUM,AmountSpike,transaction_monitor,45.7,USR43887,private_banking,US,out,3148.05,False,False,False,0.0,False,0,0.8612654800651514
ALT75553,USR6381,Oracle FCC,2026-02-24T16:18:53Z,high_risk_country,27,"{'rule_name': 'StructPattern', 'alert_age_days': 1, 'detection_channel': 'surveillance'}",CRITICAL,StructPattern,surveillance,31.8,USR6381,corporate,TR,out,7013.39,False,True,False,0.0,False,0,0.5
ALT39395,USR20146,Actimize,2026-02-27T14:24:53Z,sanctions,27,"{'rule_name': 'DormantReactivate', 'alert_age_days': 9}",CRITICAL,DormantReactivate,surveillance,95.2,USR20146,retail,US,out,1016.5,True,False,False,0.0,False,0,0.5
ALT92638,USR78605,NICE,2026-02-21T20:31:53Z,cross_border,71,"{'rule_name': 'StructPattern', 'alert_age_days': 7}",MEDIUM,StructPattern,network_analytics,87.71855724425825,USR78605,corporate,US,out,7799.96,False,False,False,0.0,False,6,0.800166699211653
ALT64447,USR45045,SAS,2026-03-04T13:52:53Z,bank_alert,74,"{'rule_name': 'PEPMatch', 'alert_age_days': 9}",LOW,PEPMatch,surveillance,73.2,USR45045,retail,US,out,57.11,False,False,False,0.0,False,0,0.5
ALT34028,USR55457,NICE,2026-03-06T07:47:53Z,structuring,28,"{'rule_name': 'VelocityThreshold', 'alert_age_days': 3}",LOW,VelocityThreshold,transaction_monitor,80.6,USR55457,smb,US,out,1009.11,False,False,False,0.0,False,0,0.5
ALT2062,USR77394,Actimize,2026-02-10T17:15:53Z,bank_alert,93,"{'rule_name': 'PEPMatch', 'alert_age_days': 6, 'detection_channel': 'transaction_monitor'}",MEDIUM,PEPMatch,transaction_monitor,90.99606849183942,USR77394,corporate,US,out,1032.62,False,False,False,0.0,False,2,0.5
ALT67820,USR43887,Oracle FCC,2026-03-07T07:57:53Z,structuring,44,"{'rule_name': 'SanctionsScreening', 'alert_age_days': 8, 'detection_channel': 'screening'}",LOW,SanctionsScreening,screening,62.4,USR43887,corporate,US,out,368.52,False,False,False,0.0,False,0,0.5
ALT21696,USR85828,NICE,2026-02-25T04:30:53Z,rapid_velocity,43,"{'rule_name': 'SanctionsScreening', 'alert_age_days': 9, 'detection_channel': 'screening'}",LOW,SanctionsScreening,screening,60.6,USR85828,private_banking,US,out,39174.9,False,False,False,0.0,False,0,0.5
ALT75895,USR78155,FICO,2026-02-25T20:13:53Z,smurfing,42,"{'rule_name': 'SanctionsScreening', 'alert_age_days': 9}",MEDIUM,SanctionsScreening,transaction_monitor,87.77409164537103,USR78155,corporate,US,out,992.98,False,False,False,0.0,False,0,0.5
ALT52983,USR20146,SAS,2026-02-09T14:37:53Z,cross_border,54,"{'rule_name': 'StructPattern', 'alert_age_days': 8}",HIGH,StructPattern,network_analytics,43.7,USR20146,private_banking,US,out,594.91,False,False,False,0.0,True,0,0.5
ALT47205,USR37079,Oracle FCC,2026-02-25T09:53:53Z,sanctions,33,"{'rule_name': 'PEPMatch', 'alert_age_days': 10, 'detection_channel': 'surveillance'}",MEDIUM,PEPMatch,surveillance,97.88897696696705,USR37079,corporate,US,out,1140.18,False,False,False,0.0,False,0,0.956617170130479
ALT17211,USR16522,SAS,2026-02-28T12:39:53Z,cross_border,51,"{'rule_name': 'DormantReactivate', 'alert_age_days': 1, 'detection_channel': 'surveillance'}",LOW,DormantReactivate,surveillance,85.2,USR16522,retail,US,out,54.37,False,False,False,0.0,False,0,0.5
ALT71438,USR50034,FICO,2026-02-24T04:19:53Z,rapid_velocity,35,"{'rule_name': 'PEPMatch', 'alert_age_days': 5, 'detection_channel': 'transaction_monitor'}",LOW,PEPMatch,transaction_monitor,53.8,USR50034,retail,US,out,350.79,False,False,False,0.0,False,0,0.5
ALT17424,USR54542,SAS,2026-02-09T06:59:53Z,low_buyer_diversity,23,"{'rule_name': 'PEPMatch', 'alert_age_days': 0, 'detection_channel': 'network_analytics'}",LOW,PEPMatch,network_analytics,69.3,USR54542,private_banking,US,out,4792.75,False,False,False,0.0,False,0,0.5
ALT42357,USR78155,SAS,2026-02-22T10:52:53Z,cross_border,47,"{'rule_name': 'DormantReactivate', 'alert_age_days': 6, 'detection_channel': 'transaction_monitor'}",HIGH,DormantReactivate,transaction_monitor,39.6,USR78155,retail,US,out,426.91,False,False,True,0.0,False,0,0.5
ALT83793,USR73574,FICO,2026-03-06T20:01:53Z,cross_border,70,"{'rule_name': 'CrossBorderFlow', 'alert_age_days': 11, 'detection_channel': 'screening'}",MEDIUM,CrossBorderFlow,screening,100.0,USR73574,smb,US,out,316.3,False,False,False,0.0,False,0,0.9235032758005008
ALT92115,USR89311,Actimize,2026-02-28T11:00:53Z,sanctions,77,"{'rule_name': 'VelocityThreshold', 'alert_age_days': 3, 'detection_channel': 'screening'}",LOW,VelocityThreshold,screening,91.4,USR89311,retail,US,out,7818.82,False,False,False,0.0,False,0,0.5
ALT98923,USR55457,Actimize,2026-02-10T21:05:53Z,flow_through,46,"{'rule_name': 'VelocityThreshold', 'alert_age_days': 9}",MEDIUM,VelocityThreshold,network_analytics,99.36165549384103,USR55457,smb,US,out,8187.65,False,False,False,0.0,False,8,0.5
ALT95842,USR35452,SAS,2026-03-07T13:18:53Z,rapid_velocity,44,"{'rule_name': 'AmountSpike', 'alert_age_days': 1}",MEDIUM,AmountSpike,screening,75.0979440094518,USR35452,corporate,US,out,2381.5,False,False,False,0.0,False,10,0.8283531744599635
ALT56040,USR40241,Actimize,2026-03-07T12:32:53Z,low_buyer_diversity,79,"{'rule_name': 'SanctionsScreening', 'alert_age_days': 12, 'detection_channel': 'transaction_monitor'}",LOW,SanctionsScreening,transaction_monitor,41.5,USR40241,retail,US,out,554.09,False,False,False,0.0,False,0,0.5
ALT20847,USR50034,FICO,2026-02-11T20:06:53Z,smurfing,71,"{'rule_name': 'DormantReactivate', 'alert_age_days': 4}",LOW,DormantReactivate,screening,44.4,USR50034,smb,US,out,765.7,False,False,False,0.0,False,0,0.5
ALT84067,USR75808,Oracle FCC,2026-03-02T18:47:53Z,cross_border,82,"{'rule_name': 'AmountSpike', 'alert_age_days': 1}",HIGH,AmountSpike,screening,36.1,USR75808,private_banking,RU,out,328.25,False,True,False,0.0,False,0,0.5
ALT80360,USR9417,Actimize,2026-02-18T22:59:53Z,smurfing,87,"{'rule_name': 'StructPattern', 'alert_age_days': 8}",LOW,StructPattern,transaction_monitor,38.2,USR9417,retail,US,out,246.62,False,False,False,0.0,False,0,0.5
ALT99040,USR78155,Actimize,2026-02-24T13:36:53Z,sanctions,81,"{'rule_name': 'DormantReactivate', 'alert_age_days': 6}",LOW,DormantReactivate,transaction_monitor,34.8,USR78155,retail,US,out,228.92,False,False,False,0.0,False,0,0.5
ALT65443,USR78605,Actimize,2026-02-20T02:41:53Z,structuring,90,"{'rule_name': 'PeerOutlier', 'alert_age_days': 2}",MEDIUM,PeerOutlier,transaction_monitor,100.0,USR78605,smb,US,out,433.95,False,False,False,0.0,False,2,0.5
ALT15017,USR75808,FICO,2026-03-02T05:38:53Z,high_amount_outlier,51,"{'rule_name': 'PEPMatch', 'alert_age_days': 6, 'detection_channel': 'screening'}",MEDIUM,PEPMatch,screening,41.551033485229325,USR75808,private_banking,US,out,232.27,False,False,False,0.0,False,0,0.5
ALT50786,USR40241,SAS,2026-03-08T15:44:53Z,rapid_velocity,49,"{'rule_name': 'PeerOutlier', 'alert_age_days': 8, 'detection_channel': 'screening'}",LOW,PeerOutlier,screening,39.0,USR40241,smb,US,out,105.05,False,False,False,0.0,False,0,0.5
ALT45375,USR6791,FICO,2026-03-02T14:37:53Z,rapid_velocity,44,"{'rule_name': 'DormantReactivate', 'alert_age_days': 12}",MEDIUM,DormantReactivate,screening,100.0,USR6791,corporate,US,out,1524.02,False,False,False,0.0,False,0,0.5
ALT84450,USR6381,Actimize,2026-03-06T16:44:53Z,low_buyer_diversity,37,"{'rule_name': 'PEPMatch', 'alert_age_days': 11, 'detection_channel': 'surveillance'}",LOW,PEPMatch,surveillance,69.5,USR6381,retail,US,out,1559.15,False,False,False,0.0,False,0,0.5
ALT39864,USR76113,SAS,2026-03-07T03:17:53Z,dormant,76,"{'rule_name': 'AmountSpike', 'alert_age_days': 4}",LOW,AmountSpike,transaction_monitor,82.7,USR76113,corporate,US,out,14061.41,False,False,False,0.0,False,0,0.5
ALT33530,USR40241,FICO,2026-02-09T11:01:53Z,cross_border,73,"{'rule_name': 'PEPMatch', 'alert_age_days': 5, 'detection_channel': 'network_analytics'}",LOW,PEPMatch,network_analytics,72.9,USR40241,retail,US,out,402.42,False,False,False,0.0,False,0,0.5
ALT8924,USR18254,FICO,2026-02-14T08:35:53Z,low_buyer_diversity,80,"{'rule_name': 'CrossBorderFlow', 'alert_age_days': 5, 'detection_channel': 'network_analytics'}",LOW,CrossBorderFlow,network_analytics,90.0,USR18254,corporate,US,out,1709.83,False,False,False,0.0,False,0,0.5
ALT83709,USR65456,FICO,2026-02-28T09:53:53Z,burst_activity,32,"{'rule_name': 'StructPattern', 'alert_age_days': 6, 'detection_channel': 'transaction_monitor'}",MEDIUM,StructPattern,transaction_monitor,84.11017983380833,USR65456,retail,US,out,1752.97,False,False,False,0.0,False,0,0.9541835318868543
ALT75776,USR97561,NICE,2026-02-24T11:00:53Z,low_buyer_diversity,56,"{'rule_name': 'AmountSpike', 'alert_age_days': 5}",LOW,AmountSpike,screening,65.5,USR97561,private_banking,US,out,749.38,False,False,False,0.0,False,0,0.5
ALT5081,USR75808,FICO,2026-02-08T06:15:53Z,dormant,36,"{'rule_name': 'StructPattern', 'alert_age_days': 9}",LOW,StructPattern,transaction_monitor,78.5,USR75808,smb,US,out,3349.28,False,False,False,0.0,False,0,0.5
ALT43943,USR83973,Oracle FCC,2026-02-09T14:35:53Z,sanctions,86,"{'rule_name': 'VelocityThreshold', 'alert_age_days': 10}",MEDIUM,VelocityThreshold,screening,70.29125686571746,USR83973,retail,US,out,3508.15,False,False,False,0.0,False,0,0.5
ALT48491,USR63165,FICO,2026-02-22T08:56:53Z,burst_activity,40,"{'rule_name': 'PEPMatch', 'alert_age_days': 6}",LOW,PEPMatch,screening,53.5,USR63165,smb,US,out,1792.05,False,False,False,0.0,False,0,0.5
ALT47462,USR88788,SAS,2026-02-25T05:47:53Z,sanctions,30,"{'rule_name': 'SanctionsScreening', 'alert_age_days': 8, 'detection_channel': 'transaction_monitor'}",CRITICAL,SanctionsScreening,transaction_monitor,61.8,USR88788,retail,US,out,747.36,True,False,False,0.0,False,0,0.5
ALT91973,USR55457,SAS,2026-02-11T18:54:53Z,dormant,62,"{'rule_name': 'StructPattern', 'alert_age_days': 0, 'detection_channel': 'transaction_monitor'}",LOW,StructPattern,transaction_monitor,41.5,USR55457,retail,US,out,641.43,False,False,False,0.0,False,0,0.5
ALT15916,USR6791,SAS,2026-02-11T21:28:53Z,rapid_velocity,85,"{'rule_name': 'SanctionsScreening', 'alert_age_days': 4, 'detection_channel': 'screening'}",LOW,SanctionsScreening,screening,84.2,USR6791,corporate,US,out,140.94,False,False,False,0.0,False,0,0.5
ALT31327,USR89311,FICO,2026-02-10T15:16:53Z,cross_border,88,"{'rule_name': 'VelocityThreshold', 'alert_age_days': 7, 'detection_channel': 'surveillance'}",HIGH,VelocityThreshold,surveillance,47.7,USR89311,smb,TR,out,30840.220703508006,False,True,False,0.0,False,0,0.5
ALT18911,USR8925,SAS,2026-02-23T16:54:53Z,rapid_velocity,27,"{'rule_name': 'CrossBorderFlow', 'alert_age_days': 6}",LOW,CrossBorderFlow,screening,40.4,USR8925,smb,US,out,431.38,False,False,False,0.0,False,0,0.5
ALT25164,USR6791,Oracle FCC,2026-02-06T23:48:53Z,flow_through,44,"{'rule_name': 'PeerOutlier', 'alert_age_days': 1}",LOW,PeerOutlier,network_analytics,46.8,USR6791,private_banking,US,out,203.17,False,False,False,0.0,False,0,0.5
ALT90802,USR52647,FICO,2026-02-23T22:17:53Z,cross_border,31,"{'rule_name': 'CrossBorderFlow', 'alert_age_days': 6, 'detection_channel': 'screening'}",MEDIUM,CrossBorderFlow,screening,100.0,USR52647,retail,US,out,2121.52,False,False,False,0.0,False,0,0.8861288188654672
ALT94130,USR63165,Oracle FCC,2026-02-21T00:49:53Z,structuring,43,"{'rule_name': 'PeerOutlier', 'alert_age_days': 7, 'detection_channel': 'network_analytics'}",LOW,PeerOutlier,network_analytics,52.5,USR63165,smb,US,out,6600.77,False,False,False,0.0,False,0,0.5
ALT5420,USR55457,NICE,2026-02-20T17:39:53Z,high_risk_country,60,"{'rule_name': 'SanctionsScreening', 'alert_age_days': 11, 'detection_channel': 'transaction_monitor'}",LOW,SanctionsScreening,transaction_monitor,76.7,USR55457,retail,US,out,280.87,False,False,False,0.0,False,0,0.5
ALT63576,USR45038,SAS,2026-02-27T03:13:53Z,structuring,41,"{'rule_name': 'VelocityThreshold', 'alert_age_days': 12}",LOW,VelocityThreshold,surveillance,88.2,USR45038,smb,US,out,1677.67,False,False,False,0.0,False,0,0.5
ALT24052,USR22723,SAS,2026-02-22T10:26:53Z,low_buyer_diversity,25,"{'rule_name': 'VelocityThreshold', 'alert_age_days': 13, 'detection_channel': 'network_analytics'}",LOW,VelocityThreshold,network_analytics,35.3,USR22723,smb,US,out,232.49,False,False,False,0.0,False,0,0.5
ALT20063,USR8925,NICE,2026-02-28T14:07:53Z,structuring,58,"{'rule_name': 'PEPMatch', 'alert_age_days': 12}",LOW,PEPMatch,transaction_monitor,82.0,USR8925,retail,US,out,694.1,False,False,False,0.0,False,0,0.5
ALT29913,USR44568,SAS,2026-03-01T16:10:53Z,bank_alert,23,"{'rule_name': 'DormantReactivate', 'alert_age_days': 7, 'detection_channel': 'network_analytics'}",LOW,DormantReactivate,network_analytics,50.9,USR44568,retail,US,out,389.36,False,False,False,0.0,False,0,0.5
ALT20244,USR45045,SAS,2026-03-06T08:38:53Z,flow_through,37,"{'rule_name': 'DormantReactivate', 'alert_age_days': 4}",MEDIUM,DormantReactivate,screening,44.7,USR45045,private_banking,US,out,2704.96,False,False,False,0.0,False,3,0.5
ALT49529,USR45045,Oracle FCC,2026-03-02T17:36:53Z,burst_activity,20,"{'rule_name': 'AmountSpike', 'alert_age_days': 4}",MEDIUM,AmountSpike,screening,89.27182012944782,USR45045,retail,US,out,396.16,False,False,False,0.0,False,7,0.8534489728071901
ALT99564,USR70051,FICO,2026-02-22T06:53:53Z,flow_through,26,"{'rule_name': 'AmountSpike', 'alert_age_days': 13}",MEDIUM,AmountSpike,surveillance,100.0,USR70051,private_banking,US,out,5001.49,False,False,False,0.0,False,6,0.5
ALT59057,USR8925,Actimize,2026-02-21T12:30:53Z,high_amount_outlier,52,"{'rule_name': 'PeerOutlier', 'alert_age_days': 1, 'detection_channel': 'surveillance'}",LOW,PeerOutlier,surveillance,50.1,USR8925,private_banking,US,out,758.56,False,False,False,0.0,False,0,0.5
ALT72600,USR44340,FICO,2026-02-13T19:51:53Z,high_amount_outlier,83,"{'rule_name': 'DormantReactivate', 'alert_age_days': 7, 'detection_channel': 'transaction_monitor'}",LOW,DormantReactivate,transaction_monitor,68.7,USR44340,smb,US,out,413.89,False,False,False,0.0,False,0,0.5
ALT49835,USR82275,FICO,2026-02-24T17:51:53Z,burst_activity,78,"{'rule_name': 'StructPattern', 'alert_age_days': 8}",LOW,StructPattern,network_analytics,49.7,USR82275,smb,US,out,167.34,False,False,False,0.0,False,0,0.5
ALT2376,USR27675,Oracle FCC,2026-02-10T22:19:53Z,sanctions,27,"{'rule_name': 'PeerOutlier', 'alert_age_days': 3}",LOW,PeerOutlier,surveillance,67.7,USR27675,private_banking,US,out,1603.28,False,False,False,0.0,False,0,0.5
ALT9327,USR76113,NICE,2026-03-06T16:38:53Z,burst_activity,22,"{'rule_name': 'PeerOutlier', 'alert_age_days': 6, 'detection_channel': 'network_analytics'}",MEDIUM,PeerOutlier,network_analytics,72.3,USR76113,private_banking,US,out,4199.95,False,False,False,0.0,False,0,0.5
ALT27618,USR20146,Actimize,2026-03-04T02:34:53Z,bank_alert,45,"{'rule_name': 'VelocityThreshold', 'alert_age_days': 5, 'detection_channel': 'screening'}",MEDIUM,VelocityThreshold,screening,83.39532387931908,USR20146,retail,US,out,1652.4,False,False,False,0.0,False,0,0.5
ALT25122,USR52647,Actimize,2026-02-10T08:21:53Z,high_amount_outlier,68,"{'rule_name': 'AmountSpike', 'alert_age_days': 2, 'detection_channel': 'surveillance'}",LOW,AmountSpike,surveillance,72.4,USR52647,private_banking,US,out,31515.9,False,False,False,0.0,False,0,0.5
ALT84216,USR43301,NICE,2026-03-02T08:02:53Z,sanctions,76,"{'rule_name': 'SanctionsScreening', 'alert_age_days': 13, 'detection_channel': 'screening'}",HIGH,SanctionsScreening,screening,39.2,USR43301,private_banking,US,out,15790.459927363143,True,False,False,0.0,False,0,0.5
ALT84514,USR51322,Actimize,2026-02-10T06:27:53Z,flow_through,81,"{'rule_name': 'DormantReactivate', 'alert_age_days': 8}",CRITICAL,DormantReactivate,network_analytics,77.2,USR51322,retail,US,out,29646.89868724081,False,False,True,0.0,False,0,0.5
ALT85557,USR77837,SAS,2026-02-28T09:25:53Z,sanctions,45,"{'rule_name': 'StructPattern', 'alert_age_days': 11, 'detection_channel': 'network_analytics'}",LOW,StructPattern,network_analytics,75.9,USR77837,retail,US,out,680.59,False,False,False,0.0,False,0,0.5
ALT64120,USR8594,Actimize,2026-02-09T09:18:53Z,cross_border,32,"{'rule_name': 'VelocityThreshold', 'alert_age_days': 12, 'detection_channel': 'network_analytics'}",LOW,VelocityThreshold,network_analytics,76.4,USR8594,corporate,US,out,2218.41,False,False,False,0.0,False,0,0.5
ALT56060,USR88788,Actimize,2026-02-21T09:38:53Z,rapid_velocity,21,"{'rule_name': 'DormantReactivate', 'alert_age_days': 0, 'detection_channel': 'surveillance'}",LOW,DormantReactivate,surveillance,35.0,USR88788,retail,US,out,311.99,False,False,False,0.0,False,0,0.5
ALT65265,USR85858,Oracle FCC,2026-02-26T11:48:53Z,cross_border,31,"{'rule_name': 'AmountSpike', 'alert_age_days': 9, 'detection_channel': 'network_analytics'}",HIGH,AmountSpike,network_analytics,60.4,USR85858,corporate,RU,out,21971.25847857241,False,True,False,0.0,False,0,0.5
ALT41273,USR77837,Actimize,2026-02-28T14:53:53Z,cross_border,24,"{'rule_name': 'PEPMatch', 'alert_age_days': 2, 'detection_channel': 'screening'}",LOW,PEPMatch,screening,57.8,USR77837,retail,US,out,1886.35,False,False,False,0.0,False,0,0.5
ALT67349,USR44568,Actimize,2026-02-19T07:32:53Z,high_amount_outlier,84,"{'rule_name': 'DormantReactivate', 'alert_age_days': 5, 'detection_channel': 'screening'}",MEDIUM,DormantReactivate,screening,49.835926893811376,USR44568,corporate,US,out,1611.13,False,False,False,0.0,False,11,0.5
ALT79649,USR55457,Oracle FCC,2026-03-06T09:43:53Z,low_buyer_diversity,40,"{'rule_name': 'PEPMatch', 'alert_age_days': 0, 'detection_channel': 'network_analytics'}",LOW,PEPMatch,network_analytics,45.1,USR55457,retail,US,out,3073.06,False,False,False,0.0,False,0,0.5
ALT76526,USR85858,Actimize,2026-03-01T23:39:53Z,high_risk_country,81,"{'rule_name': 'StructPattern', 'alert_age_days': 6}",LOW,StructPattern,transaction_monitor,60.0,USR85858,retail,US,out,14533.98,False,False,False,0.0,False,0,0.5
ALT61768,USR22723,Oracle FCC,2026-02-13T00:06:53Z,cross_border,61,"{'rule_name': 'AmountSpike', 'alert_age_days': 5}",MEDIUM,AmountSpike,surveillance,92.23214067131033,USR22723,retail,US,out,1417.19,False,False,False,0.0,False,8,0.5
ALT6752,USR78605,Actimize,2026-02-26T21:26:53Z,cross_border,60,"{'rule_name': 'StructPattern', 'alert_age_days': 7}",LOW,StructPattern,transaction_monitor,46.1,USR78605,retail,US,out,925.6,False,False,False,0.0,False,0,0.5
ALT72769,USR85858,Actimize,2026-02-28T16:08:53Z,sanctions,54,"{'rule_name': 'DormantReactivate', 'alert_age_days': 4}",MEDIUM,DormantReactivate,surveillance,86.4,USR85858,corporate,US,out,10541.55,False,False,False,0.0,False,0,0.8569628256347445
ALT37293,USR45045,Actimize,2026-02-16T18:22:53Z,burst_activity,81,"{'rule_name': 'StructPattern', 'alert_age_days': 11}",LOW,StructPattern,screening,67.1,USR45045,retail,US,out,4681.27,False,False,False,0.0,False,0,0.5
ALT74622,USR97561,NICE,2026-02-28T21:40:53Z,high_amount_outlier,23,"{'rule_name': 'AmountSpike', 'alert_age_days': 7}",HIGH,AmountSpike,screening,81.7,USR97561,private_banking,US,out,677.58,False,False,True,0.0,False,0,0.5
ALT54412,USR45038,NICE,2026-03-05T16:58:53Z,rapid_velocity,26,"{'rule_name': 'CrossBorderFlow', 'alert_age_days': 3, 'detection_channel': 'screening'}",LOW,CrossBorderFlow,screening,62.1,USR45038,corporate,US,out,1105.2,False,False,False,0.0,False,0,0.5
ALT88236,USR20146,FICO,2026-03-03T06:28:53Z,cross_border,51,"{'rule_name': 'StructPattern', 'alert_age_days': 5}",LOW,StructPattern,screening,63.9,USR20146,smb,US,out,1470.08,False,False,False,0.0,False,0,0.5
ALT34506,USR97068,SAS,2026-03-01T15:10:53Z,flow_through,49,"{'rule_name': 'VelocityThreshold', 'alert_age_days': 12, 'detection_channel': 'screening'}",LOW,VelocityThreshold,screening,72.1,USR97068,private_banking,US,out,1886.95,False,False,False,0.0,False,0,0.5
ALT93207,USR22723,Actimize,2026-02-25T18:59:53Z,cross_border,60,"{'rule_name': 'DormantReactivate', 'alert_age_days': 5, 'detection_channel': 'screening'}",HIGH,DormantReactivate,screening,93.1,USR22723,corporate,CY,out,143.32,False,True,False,0.0,False,0,0.5
ALT84602,USR44568,FICO,2026-02-14T20:56:53Z,structuring,75,"{'rule_name': 'PEPMatch', 'alert_age_days': 6}",MEDIUM,PEPMatch,surveillance,73.13351802974037,USR44568,corporate,US,out,108.45,False,False,False,0.0,False,0,0.5
ALT33779,USR35452,SAS,2026-03-02T14:42:53Z,sanctions,64,"{'rule_name': 'StructPattern', 'alert_age_days': 3}",LOW,StructPattern,network_analytics,65.9,USR35452,retail,US,out,289.72,False,False,False,0.0,False,0,0.5
ALT48774,USR8594,FICO,2026-02-17T16:22:53Z,cross_border,39,"{'rule_name': 'AmountSpike', 'alert_age_days': 5, 'detection_channel': 'surveillance'}",LOW,AmountSpike,surveillance,70.9,USR8594,corporate,US,out,257.98,False,False,False,0.0,False,0,0.5
ALT53602,USR71747,NICE,2026-02-22T17:19:53Z,cross_border,44,"{'rule_name': 'StructPattern', 'alert_age_days': 3}",MEDIUM,StructPattern,surveillance,80.2,USR71747,corporate,US,out,417.49,False,False,False,0.0,False,0,0.8236168929288397
ALT77093,USR82275,Oracle FCC,2026-02-16T04:32:53Z,high_risk_country,76,"{'rule_name': 'SanctionsScreening', 'alert_age_days': 7, 'detection_channel': 'network_analytics'}",MEDIUM,SanctionsScreening,network_analytics,44.41275971260718,USR82275,private_banking,US,out,2841.44,False,False,False,0.0,False,7,0.5
ALT69225,USR18254,FICO,2026-02-16T03:31:53Z,structuring,35,"{'rule_name': 'AmountSpike', 'alert_age_days': 9}",LOW,AmountSpike,network_analytics,65.1,USR18254,smb,US,out,851.17,False,False,False,0.0,False,0,0.5
ALT85348,USR89311,Actimize,2026-02-11T11:37:53Z,structuring,57,"{'rule_name': 'PEPMatch', 'alert_age_days': 10, 'detection_channel': 'transaction_monitor'}",HIGH,PEPMatch,transaction_monitor,62.7,USR89311,corporate,US,out,28876.13920155476,False,False,False,0.0,False,0,0.5
ALT37616,USR44340,SAS,2026-03-07T14:17:53Z,low_buyer_diversity,60,"{'rule_name': 'StructPattern', 'alert_age_days': 8}",LOW,StructPattern,surveillance,92.7,USR44340,smb,US,out,174.78,False,False,False,0.0,False,0,0.5
ALT50973,USR70051,Oracle FCC,2026-02-11T04:33:53Z,smurfing,76,"{'rule_name': 'VelocityThreshold', 'alert_age_days': 11, 'detection_channel': 'transaction_monitor'}",LOW,VelocityThreshold,transaction_monitor,63.6,USR70051,retail,US,out,548.69,False,False,False,0.0,False,0,0.5
ALT43655,USR44340,FICO,2026-02-09T08:15:53Z,structuring,73,"{'rule_name': 'DormantReactivate', 'alert_age_days': 9, 'detection_channel': 'transaction_monitor'}",LOW,DormantReactivate,transaction_monitor,61.8,USR44340,retail,US,out,2646.22,False,False,False,0.0,False,0,0.5
ALT91044,USR77394,NICE,2026-03-06T20:09:53Z,high_amount_outlier,54,"{'rule_name': 'PeerOutlier', 'alert_age_days': 3}",MEDIUM,PeerOutlier,network_analytics,100.0,USR77394,private_banking,US,out,2676.94,False,False,False,0.0,False,0,0.5
ALT31192,USR73574,FICO,2026-02-23T09:45:53Z,high_risk_country,43,"{'rule_name': 'PEPMatch', 'alert_age_days': 10}",MEDIUM,PEPMatch,transaction_monitor,69.53345652576593,USR73574,corporate,US,out,369.87,False,False,False,0.0,False,2,0.5
ALT59124,USR85828,Actimize,2026-02-19T21:26:53Z,cross_border,47,"{'rule_name': 'SanctionsScreening', 'alert_age_days': 9, 'detection_channel': 'network_analytics'}",HIGH,SanctionsScreening,network_analytics,42.3,USR85828,smb,AE,out,18090.646421027355,False,True,False,0.0,False,0,0.5
ALT12896,USR9213,Oracle FCC,2026-02-28T21:08:53Z,burst_activity,50,"{'rule_name': 'PEPMatch', 'alert_age_days': 2}",LOW,PEPMatch,network_analytics,44.8,USR9213,corporate,US,out,29681.28,False,False,False,0.0,False,0,0.5
ALT85176,USR82762,NICE,2026-02-18T06:08:53Z,burst_activity,36,"{'rule_name': 'PeerOutlier', 'alert_age_days': 13, 'detection_channel': 'network_analytics'}",MEDIUM,PeerOutlier,network_analytics,59.98249297968431,USR82762,retail,US,out,1068.06,False,False,False,0.0,False,8,0.5
ALT39037,USR55457,Oracle FCC,2026-02-10T14:15:53Z,smurfing,66,"{'rule_name': 'CrossBorderFlow', 'alert_age_days': 3, 'detection_channel': 'surveillance'}",MEDIUM,CrossBorderFlow,surveillance,53.64226896742344,USR55457,retail,US,out,387.7,False,False,False,0.0,False,0,0.5
ALT34718,USR27675,Oracle FCC,2026-02-28T15:31:53Z,rapid_velocity,35,"{'rule_name': 'AmountSpike', 'alert_age_days': 13}",LOW,AmountSpike,network_analytics,59.4,USR27675,corporate,US,out,845.02,False,False,False,0.0,False,0,0.5
ALT58708,USR64385,SAS,2026-02-12T00:52:53Z,low_buyer_diversity,68,"{'rule_name': 'StructPattern', 'alert_age_days': 11}",MEDIUM,StructPattern,transaction_monitor,82.3,USR64385,corporate,US,out,1259.24,False,False,False,0.0,False,11,0.5
ALT50382,USR77394,SAS,2026-02-23T08:18:53Z,high_risk_country,76,"{'rule_name': 'AmountSpike', 'alert_age_days': 11}",MEDIUM,AmountSpike,network_analytics,98.07633533634842,USR77394,private_banking,US,out,874.15,False,False,False,0.0,False,7,0.5
ALT84948,USR69736,SAS,2026-03-07T05:28:53Z,structuring,92,"{'rule_name': 'CrossBorderFlow', 'alert_age_days': 13, 'detection_channel': 'transaction_monitor'}",HIGH,CrossBorderFlow,transaction_monitor,32.2,USR69736,private_banking,US,out,25817.218560706366,False,False,False,0.0,False,0,0.5
ALT53609,USR45038,Oracle FCC,2026-03-06T20:10:53Z,bank_alert,28,"{'rule_name': 'VelocityThreshold', 'alert_age_days': 12, 'detection_channel': 'screening'}",LOW,VelocityThreshold,screening,68.8,USR45038,smb,US,out,125.82,False,False,False,0.0,False,0,0.5
ALT52181,USR51322,FICO,2026-02-17T13:54:53Z,bank_alert,76,"{'rule_name': 'StructPattern', 'alert_age_days': 0, 'detection_channel': 'transaction_monitor'}",LOW,StructPattern,transaction_monitor,40.5,USR51322,private_banking,US,out,258.8,False,False,False,0.0,False,0,0.5
ALT11392,USR44568,FICO,2026-03-02T03:58:53Z,dormant,26,"{'rule_name': 'DormantReactivate', 'alert_age_days': 5, 'detection_channel': 'screening'}",LOW,DormantReactivate,screening,94.0,USR44568,smb,US,out,876.55,False,False,False,0.0,False,0,0.5
ALT3171,USR43301,Oracle FCC,2026-02-25T03:16:53Z,sanctions,45,"{'rule_name': 'CrossBorderFlow', 'alert_age_days': 0, 'detection_channel': 'surveillance'}",LOW,CrossBorderFlow,surveillance,41.4,USR43301,private_banking,US,out,855.85,False,False,False,0.0,False,0,0.5
ALT40456,USR77394,NICE,2026-02-21T03:17:53Z,high_amount_outlier,33,"{'rule_name': 'PEPMatch', 'alert_age_days': 6}",LOW,PEPMatch,screening,72.6,USR77394,retail,US,out,469.05,False,False,False,0.0,False,0,0.5
ALT99821,USR77394,Oracle FCC,2026-02-10T22:53:53Z,low_buyer_diversity,32,"{'rule_name': 'AmountSpike', 'alert_age_days': 4, 'detection_channel': 'network_analytics'}",LOW,AmountSpike,network_analytics,52.2,USR77394,retail,US,out,840.91,False,False,False,0.0,False,0,0.5
ALT91815,USR71747,Oracle FCC,2026-02-18T01:07:53Z,cross_border,33,"{'rule_name': 'PEPMatch', 'alert_age_days': 2, 'detection_channel': 'surveillance'}",LOW,PEPMatch,surveillance,73.6,USR71747,retail,US,out,1201.74,False,False,False,0.0,False,0,0.5
ALT63268,USR75808,Actimize,2026-02-26T07:31:53Z,bank_alert,23,"{'rule_name': 'PeerOutlier', 'alert_age_days': 1}",MEDIUM,PeerOutlier,surveillance,58.0,USR75808,private_banking,US,out,4163.54,False,False,False,0.0,False,9,0.8007921659426391
ALT63451,USR9213,SAS,2026-03-08T08:31:53Z,high_risk_country,81,"{'rule_name': 'VelocityThreshold', 'alert_age_days': 3}",LOW,VelocityThreshold,network_analytics,81.7,USR9213,retail,US,out,945.0,False,False,False,0.0,False,0,0.5
ALT39758,USR22723,NICE,2026-02-06T21:40:53Z,dormant,24,"{'rule_name': 'StructPattern', 'alert_age_days': 0}",LOW,StructPattern,screening,45.7,USR22723,private_banking,US,out,1995.51,False,False,False,0.0,False,0,0.5
ALT18572,USR82762,Oracle FCC,2026-02-28T06:56:53Z,sanctions,49,"{'rule_name': 'PeerOutlier', 'alert_age_days': 12, 'detection_channel': 'screening'}",MEDIUM,PeerOutlier,screening,98.09996978598079,USR82762,corporate,US,out,486.68,False,False,False,0.0,False,9,0.814745579153359
ALT1846,USR71747,Actimize,2026-03-04T03:30:53Z,burst_activity,72,"{'rule_name': 'DormantReactivate', 'alert_age_days': 7}",LOW,DormantReactivate,network_analytics,64.0,USR71747,retail,US,out,2586.71,False,False,False,0.0,False,0,0.5
ALT34546,USR9417,SAS,2026-03-07T07:00:53Z,structuring,94,"{'rule_name': 'CrossBorderFlow', 'alert_age_days': 13, 'detection_channel': 'surveillance'}",LOW,CrossBorderFlow,surveillance,81.4,USR9417,private_banking,US,out,1926.76,False,False,False,0.0,False,0,0.5
ALT32330,USR40241,FICO,2026-02-19T11:17:53Z,high_risk_country,84,"{'rule_name': 'DormantReactivate', 'alert_age_days': 7, 'detection_channel': 'surveillance'}",LOW,DormantReactivate,surveillance,87.8,USR40241,retail,US,out,4018.75,False,False,False,0.0,False,0,0.5
ALT19968,USR78155,NICE,2026-02-10T07:27:53Z,sanctions,30,"{'rule_name': 'PEPMatch', 'alert_age_days': 7}",MEDIUM,PEPMatch,screening,100.0,USR78155,retail,US,out,3197.71,False,False,False,0.0,False,0,0.5
ALT26657,USR63165,Actimize,2026-02-14T21:14:53Z,structuring,94,"{'rule_name': 'AmountSpike', 'alert_age_days': 9}",MEDIUM,AmountSpike,transaction_monitor,45.2,USR63165,corporate,US,out,2652.09,False,False,False,0.0,False,8,0.5
ALT3457,USR92675,NICE,2026-03-04T06:32:53Z,bank_alert,69,"{'rule_name': 'VelocityThreshold', 'alert_age_days': 5, 'detection_channel': 'transaction_monitor'}",LOW,VelocityThreshold,transaction_monitor,49.5,USR92675,smb,US,out,946.12,False,False,False,0.0,False,0,0.5
ALT61187,USR97068,SAS,2026-03-05T02:15:53Z,smurfing,33,"{'rule_name': 'CrossBorderFlow', 'alert_age_days': 11}",LOW,CrossBorderFlow,transaction_monitor,47.0,USR97068,smb,US,out,1583.53,False,False,False,0.0,False,0,0.5
ALT92817,USR55457,SAS,2026-02-25T20:50:53Z,smurfing,53,"{'rule_name': 'PEPMatch', 'alert_age_days': 10}",MEDIUM,PEPMatch,transaction_monitor,47.9,USR55457,retail,US,out,5405.99,False,False,False,0.0,False,10,0.9232192563881734
ALT69388,USR22723,FICO,2026-02-10T10:31:53Z,structuring,88,"{'rule_name': 'SanctionsScreening', 'alert_age_days': 7}",MEDIUM,SanctionsScreening,surveillance,93.70764434808497,USR22723,corporate,US,out,412.36,False,False,False,0.0,False,2,0.8326618019542593
ALT45372,USR83973,FICO,2026-02-10T09:56:53Z,cross_border,49,"{'rule_name': 'SanctionsScreening', 'alert_age_days': 12}",CRITICAL,SanctionsScreening,transaction_monitor,97.6,USR83973,retail,US,out,17772.386535521095,False,False,False,0.0,True,0,0.5
ALT42606,USR8594,NICE,2026-02-21T02:26:53Z,smurfing,33,"{'rule_name': 'PEPMatch', 'alert_age_days': 2}",LOW,PEPMatch,surveillance,97.3,USR8594,retail,US,out,1439.64,False,False,False,0.0,False,0,0.5
ALT31445,USR54542,SAS,2026-02-24T09:41:53Z,bank_alert,85,"{'rule_name': 'VelocityThreshold', 'alert_age_days': 7}",MEDIUM,VelocityThreshold,network_analytics,87.6529848134107,USR54542,corporate,US,out,2044.52,False,False,False,0.0,False,3,0.5
ALT15098,USR45038,Oracle FCC,2026-02-07T17:27:53Z,bank_alert,91,"{'rule_name': 'CrossBorderFlow', 'alert_age_days': 8}",LOW,CrossBorderFlow,network_analytics,73.5,USR45038,smb,US,out,318.57,False,False,False,0.0,False,0,0.5
ALT60248,USR9213,Actimize,2026-02-27T08:08:53Z,rapid_velocity,93,"{'rule_name': 'VelocityThreshold', 'alert_age_days': 6, 'detection_channel': 'screening'}",LOW,VelocityThreshold,screening,88.5,USR9213,corporate,US,out,980.3,False,False,False,0.0,False,0,0.5
ALT57085,USR43301,Oracle FCC,2026-02-23T02:11:53Z,rapid_velocity,91,"{'rule_name': 'VelocityThreshold', 'alert_age_days': 3, 'detection_channel': 'transaction_monitor'}",MEDIUM,VelocityThreshold,transaction_monitor,100.0,USR43301,retail,US,out,952.42,False,False,False,0.0,False,0,0.5
ALT1724,USR65456,Actimize,2026-02-07T03:00:53Z,high_risk_country,85,"{'rule_name': 'SanctionsScreening', 'alert_age_days': 9}",LOW,SanctionsScreening,network_analytics,43.9,USR65456,corporate,US,out,39.53,False,False,False,0.0,False,0,0.5
ALT42136,USR8925,NICE,2026-02-09T15:02:53Z,cross_border,54,"{'rule_name': 'PEPMatch', 'alert_age_days': 4}",HIGH,PEPMatch,transaction_monitor,65.9,USR8925,private_banking,TR,out,788.88,False,True,False,0.0,False,0,0.5
ALT28523,USR52647,SAS,2026-02-20T09:15:53Z,high_amount_outlier,34,"{'rule_name': 'StructPattern', 'alert_age_days': 11, 'detection_channel': 'surveillance'}",LOW,StructPattern,surveillance,86.6,USR52647,smb,US,out,866.12,False,False,False,0.0,False,0,0.5
ALT17857,USR9417,SAS,2026-02-28T10:24:53Z,flow_through,66,"{'rule_name': 'PeerOutlier', 'alert_age_days': 12, 'detection_channel': 'surveillance'}",LOW,PeerOutlier,surveillance,50.6,USR9417,smb,US,out,862.26,False,False,False,0.0,False,0,0.5
ALT70599,USR92675,Actimize,2026-03-03T12:26:53Z,smurfing,36,"{'rule_name': 'DormantReactivate', 'alert_age_days': 5}",MEDIUM,DormantReactivate,transaction_monitor,76.79405343835201,USR92675,corporate,US,out,9171.64,False,False,False,0.0,False,0,0.904222899762232
ALT53056,USR40241,NICE,2026-02-19T16:41:53Z,bank_alert,55,"{'rule_name': 'VelocityThreshold', 'alert_age_days': 10}",LOW,VelocityThreshold,surveillance,97.0,USR40241,corporate,US,out,177.03,False,False,False,0.0,False,0,0.5
ALT63742,USR43887,Actimize,2026-02-15T14:48:53Z,structuring,69,"{'rule_name': 'PEPMatch', 'alert_age_days': 2}",LOW,PEPMatch,transaction_monitor,97.0,USR43887,retail,US,out,318.32,False,False,False,0.0,False,0,0.5
ALT71633,USR67791,NICE,2026-03-07T19:20:53Z,burst_activity,90,"{'rule_name': 'SanctionsScreening', 'alert_age_days': 13, 'detection_channel': 'transaction_monitor'}",LOW,SanctionsScreening,transaction_monitor,91.6,USR67791,corporate,US,out,21.8,False,False,False,0.0,False,0,0.5
ALT98197,USR51322,NICE,2026-02-20T12:18:53Z,high_risk_country,41,"{'rule_name': 'DormantReactivate', 'alert_age_days': 3, 'detection_channel': 'network_analytics'}",LOW,DormantReactivate,network_analytics,84.3,USR51322,retail,US,out,533.06,False,False,False,0.0,False,0,0.5
ALT80472,USR43301,Oracle FCC,2026-02-16T05:13:53Z,flow_through,38,"{'rule_name': 'PeerOutlier', 'alert_age_days': 1, 'detection_channel': 'network_analytics'}",LOW,PeerOutlier,network_analytics,48.3,USR43301,corporate,US,out,605.79,False,False,False,0.0,False,0,0.5
ALT62414,USR83973,NICE,2026-02-20T00:36:53Z,flow_through,75,"{'rule_name': 'AmountSpike', 'alert_age_days': 1, 'detection_channel': 'screening'}",LOW,AmountSpike,screening,51.8,USR83973,private_banking,US,out,510.32,False,False,False,0.0,False,0,0.5
ALT88022,USR65456,SAS,2026-02-07T02:51:53Z,low_buyer_diversity,20,"{'rule_name': 'SanctionsScreening', 'alert_age_days': 12, 'detection_channel': 'network_analytics'}",LOW,SanctionsScreening,network_analytics,67.2,USR65456,corporate,US,out,5776.28,False,False,False,0.0,False,0,0.5
ALT48272,USR82275,NICE,2026-02-15T19:32:53Z,structuring,62,"{'rule_name': 'AmountSpike', 'alert_age_days': 12, 'detection_channel': 'network_analytics'}",LOW,AmountSpike,network_analytics,68.1,USR82275,private_banking,US,out,3987.53,False,False,False,0.0,False,0,0.5
ALT98490,USR40241,Oracle FCC,2026-02-22T05:20:53Z,sanctions,75,"{'rule_name': 'PEPMatch', 'alert_age_days': 7, 'detection_channel': 'network_analytics'}",LOW,PEPMatch,network_analytics,64.4,USR40241,smb,US,out,1232.48,False,False,False,0.0,False,0,0.5
ALT76381,USR83973,SAS,2026-03-06T07:25:53Z,high_amount_outlier,61,"{'rule_name': 'VelocityThreshold', 'alert_age_days': 7, 'detection_channel': 'transaction_monitor'}",MEDIUM,VelocityThreshold,transaction_monitor,73.3,USR83973,private_banking,US,out,628.97,False,False,False,0.0,False,0,0.5
ALT65436,USR85828,Actimize,2026-02-28T21:40:53Z,bank_alert,48,"{'rule_name': 'StructPattern', 'alert_age_days': 8}",LOW,StructPattern,screening,57.8,USR85828,private_banking,US,out,5111.69,False,False,False,0.0,False,0,0.5
ALT90428,USR64385,Oracle FCC,2026-03-02T04:40:53Z,burst_activity,82,"{'rule_name': 'PEPMatch', 'alert_age_days': 1}",HIGH,PEPMatch,surveillance,80.9,USR64385,private_banking,US,out,1064.61,False,False,False,3.4952304661272198,False,0,0.5
ALT51992,USR89311,Actimize,2026-02-23T02:28:53Z,high_amount_outlier,47,"{'rule_name': 'CrossBorderFlow', 'alert_age_days': 8}",LOW,CrossBorderFlow,network_analytics,52.7,USR89311,corporate,US,out,321.37,False,False,False,0.0,False,0,0.5
ALT72348,USR89311,FICO,2026-02-10T01:46:53Z,cross_border,73,"{'rule_name': 'CrossBorderFlow', 'alert_age_days': 13, 'detection_channel': 'network_analytics'}",LOW,CrossBorderFlow,network_analytics,52.5,USR89311,corporate,US,out,83.57,False,False,False,0.0,False,0,0.5
ALT29188,USR82275,SAS,2026-02-18T11:37:53Z,high_amount_outlier,54,"{'rule_name': 'SanctionsScreening', 'alert_age_days': 0, 'detection_channel': 'screening'}",CRITICAL,SanctionsScreening,screening,38.7,USR82275,corporate,US,out,20133.061515574504,False,False,False,0.0,False,0,0.5
ALT96356,USR44568,Actimize,2026-03-08T16:00:53Z,smurfing,21,"{'rule_name': 'StructPattern', 'alert_age_days': 11}",LOW,StructPattern,transaction_monitor,42.8,USR44568,private_banking,US,out,3401.48,False,False,False,0.0,False,0,0.5
ALT62712,USR88788,NICE,2026-02-08T01:57:53Z,high_amount_outlier,59,"{'rule_name': 'DormantReactivate', 'alert_age_days': 4, 'detection_channel': 'network_analytics'}",MEDIUM,DormantReactivate,network_analytics,93.11832606079422,USR88788,private_banking,US,out,33349.83,False,False,False,0.0,False,0,0.8901092344591981
ALT78417,USR82275,Actimize,2026-03-05T03:10:53Z,sanctions,23,"{'rule_name': 'CrossBorderFlow', 'alert_age_days': 11}",MEDIUM,CrossBorderFlow,screening,60.3,USR82275,smb,US,out,1202.81,False,False,False,0.0,False,4,0.5
ALT46612,USR85828,NICE,2026-02-27T06:59:53Z,cross_border,89,"{'rule_name': 'StructPattern', 'alert_age_days': 3}",CRITICAL,StructPattern,screening,45.5,USR85828,retail,RU,out,347.92,False,True,False,0.0,False,0,0.5
ALT86812,USR97068,NICE,2026-02-15T06:33:53Z,cross_border,65,"{'rule_name': 'PEPMatch', 'alert_age_days': 10, 'detection_channel': 'network_analytics'}",HIGH,PEPMatch,network_analytics,81.6,USR97068,retail,TR,out,185.41,False,True,False,0.0,False,0,0.5
ALT8343,USR12811,Actimize,2026-03-02T02:18:53Z,burst_activity,47,"{'rule_name': 'StructPattern', 'alert_age_days': 7}",HIGH,StructPattern,surveillance,67.7,USR12811,retail,US,out,20764.78345718809,False,False,False,2.068432850098244,False,0,0.5
ALT12296,USR85828,Actimize,2026-03-03T20:42:53Z,flow_through,56,"{'rule_name': 'VelocityThreshold', 'alert_age_days': 7}",LOW,VelocityThreshold,screening,31.4,USR85828,retail,US,out,77.72,False,False,False,0.0,False,0,0.5
ALT51204,USR63165,NICE,2026-02-08T01:16:53Z,sanctions,66,"{'rule_name': 'PeerOutlier', 'alert_age_days': 6}",MEDIUM,PeerOutlier,transaction_monitor,51.5,USR63165,retail,US,out,2503.68,False,False,False,0.0,False,4,0.5
ALT73508,USR69736,FICO,2026-02-09T22:46:53Z,dormant,39,"{'rule_name': 'SanctionsScreening', 'alert_age_days': 1, 'detection_channel': 'screening'}",MEDIUM,SanctionsScreening,screening,55.279747525107474,USR69736,retail,US,out,3738.98,False,False,False,0.0,False,0,0.5
ALT81111,USR35452,Actimize,2026-02-26T17:29:53Z,dormant,41,"{'rule_name': 'StructPattern', 'alert_age_days': 3}",LOW,StructPattern,network_analytics,74.6,USR35452,private_banking,US,out,2109.95,False,False,False,0.0,False,0,0.5
ALT44568,USR6791,Oracle FCC,2026-03-08T17:30:53Z,high_risk_country,51,"{'rule_name': 'PeerOutlier', 'alert_age_days': 4, 'detection_channel': 'screening'}",CRITICAL,PeerOutlier,screening,48.7,USR6791,retail,PA,out,14278.471806590533,False,True,False,0.0,False,0,0.5
ALT65316,USR16522,SAS,2026-02-07T11:24:53Z,flow_through,39,"{'rule_name': 'DormantReactivate', 'alert_age_days': 3, 'detection_channel': 'surveillance'}",LOW,DormantReactivate,surveillance,34.4,USR16522,corporate,US,out,2559.1,False,False,False,0.0,False,0,0.5
ALT55756,USR35452,Actimize,2026-02-26T17:26:53Z,cross_border,76,"{'rule_name': 'SanctionsScreening', 'alert_age_days': 9, 'detection_channel': 'screening'}",HIGH,SanctionsScreening,screening,33.7,USR35452,smb,CY,out,1417.16,False,True,False,0.0,False,0,0.5
ALT96189,USR37079,Oracle FCC,2026-02-10T20:26:53Z,smurfing,27,"{'rule_name': 'StructPattern', 'alert_age_days': 6, 'detection_channel': 'network_analytics'}",LOW,StructPattern,network_analytics,69.6,USR37079,retail,US,out,341.32,False,False,False,0.0,False,0,0.5
ALT65755,USR76113,Actimize,2026-02-26T06:14:53Z,smurfing,81,"{'rule_name': 'PEPMatch', 'alert_age_days': 5}",MEDIUM,PEPMatch,network_analytics,31.5,USR76113,corporate,US,out,17599.37,False,False,False,0.0,False,0,0.9228121493587517
ALT42267,USR27675,FICO,2026-02-25T10:56:53Z,structuring,46,"{'rule_name': 'DormantReactivate', 'alert_age_days': 6, 'detection_channel': 'surveillance'}",MEDIUM,DormantReactivate,surveillance,100.0,USR27675,private_banking,US,out,647.09,False,False,False,0.0,False,6,0.8019356691680046
ALT97010,USR71747,Oracle FCC,2026-02-09T11:16:53Z,high_amount_outlier,62,"{'rule_name': 'SanctionsScreening', 'alert_age_days': 10, 'detection_channel': 'network_analytics'}",LOW,SanctionsScreening,network_analytics,40.6,USR71747,private_banking,US,out,3510.9,False,False,False,0.0,False,0,0.5
ALT11617,USR44340,FICO,2026-02-27T04:16:53Z,smurfing,31,"{'rule_name': 'CrossBorderFlow', 'alert_age_days': 1, 'detection_channel': 'surveillance'}",MEDIUM,CrossBorderFlow,surveillance,93.77858065895443,USR44340,private_banking,US,out,29.14,False,False,False,0.0,False,4,0.8494877045546687
ALT98472,USR63165,FICO,2026-03-05T16:00:53Z,high_risk_country,48,"{'rule_name': 'PEPMatch', 'alert_age_days': 8}",LOW,PEPMatch,screening,60.2,USR63165,corporate,US,out,7440.6,False,False,False,0.0,False,0,0.5
ALT16247,USR85828,SAS,2026-03-04T15:49:53Z,structuring,76,"{'rule_name': 'PeerOutlier', 'alert_age_days': 7, 'detection_channel': 'surveillance'}",HIGH,PeerOutlier,surveillance,60.1,USR85828,corporate,US,out,9928.31,False,False,True,0.0,False,0,0.5
ALT29534,USR67791,Actimize,2026-02-07T15:01:53Z,sanctions,40,"{'rule_name': 'StructPattern', 'alert_age_days': 9, 'detection_channel': 'network_analytics'}",LOW,StructPattern,network_analytics,34.9,USR67791,retail,US,out,1146.82,False,False,False,0.0,False,0,0.5
ALT82324,USR45038,FICO,2026-02-14T03:12:53Z,burst_activity,29,"{'rule_name': 'PEPMatch', 'alert_age_days': 0}",MEDIUM,PEPMatch,network_analytics,92.3579916482393,USR45038,private_banking,US,out,2535.53,False,False,False,0.0,False,5,0.5
ALT73640,USR67791,Oracle FCC,2026-02-13T23:32:53Z,rapid_velocity,59,"{'rule_name': 'SanctionsScreening', 'alert_age_days': 6, 'detection_channel': 'transaction_monitor'}",MEDIUM,SanctionsScreening,transaction_monitor,90.7,USR67791,corporate,US,out,2534.55,False,False,False,0.0,False,0,0.9316468352839962
ALT97064,USR6381,Actimize,2026-02-20T08:31:53Z,cross_border,32,"{'rule_name': 'CrossBorderFlow', 'alert_age_days': 8}",LOW,CrossBorderFlow,surveillance,30.7,USR6381,smb,US,out,418.14,False,False,False,0.0,False,0,0.5
ALT75247,USR88788,Oracle FCC,2026-02-11T01:07:53Z,dormant,43,"{'rule_name': 'DormantReactivate', 'alert_age_days': 1}",LOW,DormantReactivate,transaction_monitor,42.1,USR88788,smb,US,out,2491.61,False,False,False,0.0,False,0,0.5
ALT64063,USR88788,FICO,2026-03-04T09:16:53Z,high_risk_country,53,"{'rule_name': 'AmountSpike', 'alert_age_days': 8}",MEDIUM,AmountSpike,surveillance,98.23491536576009,USR88788,corporate,US,out,326.05,False,False,False,0.0,False,8,0.5
ALT35302,USR67791,FICO,2026-03-02T01:25:53Z,low_buyer_diversity,62,"{'rule_name': 'DormantReactivate', 'alert_age_days': 10}",LOW,DormantReactivate,surveillance,67.4,USR67791,retail,US,out,440.04,False,False,False,0.0,False,0,0.5
ALT1466,USR73574,Actimize,2026-03-03T00:09:53Z,smurfing,67,"{'rule_name': 'PEPMatch', 'alert_age_days': 0, 'detection_channel': 'screening'}",LOW,PEPMatch,screening,40.2,USR73574,private_banking,US,out,5945.65,False,False,False,0.0,False,0,0.5
ALT13262,USR78605,NICE,2026-02-12T16:51:53Z,structuring,70,"{'rule_name': 'PEPMatch', 'alert_age_days': 0, 'detection_channel': 'network_analytics'}",LOW,PEPMatch,network_analytics,43.8,USR78605,smb,US,out,4731.45,False,False,False,0.0,False,0,0.5
ALT30479,USR12811,Actimize,2026-02-07T04:38:53Z,high_risk_country,83,"{'rule_name': 'StructPattern', 'alert_age_days': 5}",LOW,StructPattern,network_analytics,74.9,USR12811,retail,US,out,380.1,False,False,False,0.0,False,0,0.5
ALT5053,USR20146,SAS,2026-03-06T01:48:53Z,high_amount_outlier,24,"{'rule_name': 'PEPMatch', 'alert_age_days': 0, 'detection_channel': 'transaction_monitor'}",LOW,PEPMatch,transaction_monitor,79.3,USR20146,smb,US,out,364.9,False,False,False,0.0,False,0,0.5
ALT51309,USR88788,NICE,2026-02-15T10:09:53Z,flow_through,47,"{'rule_name': 'AmountSpike', 'alert_age_days': 7, 'detection_channel': 'transaction_monitor'}",LOW,AmountSpike,transaction_monitor,70.8,USR88788,private_banking,US,out,416.38,False,False,False,0.0,False,0,0.5
ALT77956,USR54542,Actimize,2026-02-26T10:39:53Z,low_buyer_diversity,20,"{'rule_name': 'PeerOutlier', 'alert_age_days': 3}",MEDIUM,PeerOutlier,transaction_monitor,100.0,USR54542,smb,US,out,3291.04,False,False,False,0.0,False,0,0.5
ALT96361,USR52647,FICO,2026-03-06T00:56:53Z,flow_through,20,"{'rule_name': 'SanctionsScreening', 'alert_age_days': 1}",HIGH,SanctionsScreening,network_analytics,63.6,USR52647,corporate,US,out,23002.9737444439,False,False,True,0.0,False,0,0.5
ALT49479,USR71747,FICO,2026-02-07T20:11:53Z,dormant,35,"{'rule_name': 'AmountSpike', 'alert_age_days': 12, 'detection_channel': 'surveillance'}",LOW,AmountSpike,surveillance,50.4,USR71747,private_banking,US,out,1872.57,False,False,False,0.0,False,0,0.5
ALT87624,USR45045,Actimize,2026-02-06T22:05:53Z,flow_through,64,"{'rule_name': 'AmountSpike', 'alert_age_days': 8, 'detection_channel': 'surveillance'}",LOW,AmountSpike,surveillance,62.5,USR45045,retail,US,out,3361.93,False,False,False,0.0,False,0,0.5
ALT98567,USR69736,SAS,2026-02-06T22:03:53Z,high_risk_country,87,"{'rule_name': 'AmountSpike', 'alert_age_days': 0, 'detection_channel': 'network_analytics'}",LOW,AmountSpike,network_analytics,54.5,USR69736,private_banking,US,out,960.67,False,False,False,0.0,False,0,0.5
ALT86122,USR97561,SAS,2026-02-11T10:42:53Z,high_amount_outlier,78,"{'rule_name': 'SanctionsScreening', 'alert_age_days': 13}",MEDIUM,SanctionsScreening,network_analytics,65.80382639717439,USR97561,smb,US,out,4989.52,False,False,False,0.0,False,8,0.5
ALT47031,USR76113,NICE,2026-02-08T07:20:53Z,burst_activity,68,"{'rule_name': 'AmountSpike', 'alert_age_days': 10}",LOW,AmountSpike,transaction_monitor,33.1,USR76113,corporate,US,out,694.74,False,False,False,0.0,False,0,0.5
ALT33200,USR9213,Oracle FCC,2026-03-03T08:32:53Z,bank_alert,78,"{'rule_name': 'CrossBorderFlow', 'alert_age_days': 11, 'detection_channel': 'transaction_monitor'}",LOW,CrossBorderFlow,transaction_monitor,54.0,USR9213,retail,US,out,795.7,False,False,False,0.0,False,0,0.5
ALT97812,USR64385,Oracle FCC,2026-02-24T22:24:53Z,smurfing,32,"{'rule_name': 'CrossBorderFlow', 'alert_age_days': 11}",MEDIUM,CrossBorderFlow,screening,88.1572807287724,USR64385,retail,US,out,253.19,False,False,False,0.0,False,7,0.9143601637485652
ALT24949,USR70051,Actimize,2026-03-08T03:47:53Z,structuring,82,"{'rule_name': 'StructPattern', 'alert_age_days': 12}",HIGH,StructPattern,screening,31.3,USR70051,private_banking,US,out,24935.42780885545,False,False,True,0.0,False,0,0.5
ALT41745,USR97068,Actimize,2026-03-02T19:13:53Z,flow_through,86,"{'rule_name': 'AmountSpike', 'alert_age_days': 6, 'detection_channel': 'surveillance'}",LOW,AmountSpike,surveillance,59.9,USR97068,private_banking,US,out,347.31,False,False,False,0.0,False,0,0.5
ALT8328,USR65456,Actimize,2026-03-07T15:38:53Z,sanctions,27,"{'rule_name': 'VelocityThreshold', 'alert_age_days': 10, 'detection_channel': 'transaction_monitor'}",LOW,VelocityThreshold,transaction_monitor,73.8,USR65456,private_banking,US,out,1853.18,False,False,False,0.0,False,0,0.5
ALT79573,USR43887,FICO,2026-02-13T21:54:53Z,high_risk_country,55,"{'rule_name': 'VelocityThreshold', 'alert_age_days': 9, 'detection_channel': 'screening'}",LOW,VelocityThreshold,screening,71.5,USR43887,corporate,US,out,985.38,False,False,False,0.0,False,0,0.5
ALT65333,USR75808,Actimize,2026-02-15T09:21:53Z,dormant,82,"{'rule_name': 'PeerOutlier', 'alert_age_days': 6}",MEDIUM,PeerOutlier,transaction_monitor,82.8,USR75808,smb,US,out,226.07,False,False,False,0.0,False,0,0.5
ALT9397,USR97068,SAS,2026-03-04T05:43:53Z,sanctions,55,"{'rule_name': 'VelocityThreshold', 'alert_age_days': 3}",LOW,VelocityThreshold,transaction_monitor,85.1,USR97068,retail,US,out,439.81,False,False,False,0.0,False,0,0.5
ALT22970,USR88788,Oracle FCC,2026-02-14T02:27:53Z,dormant,83,"{'rule_name': 'DormantReactivate', 'alert_age_days': 2}",LOW,DormantReactivate,transaction_monitor,78.4,USR88788,smb,US,out,8728.15,False,False,False,0.0,False,0,0.5
ALT55990,USR16522,Oracle FCC,2026-02-08T11:21:53Z,dormant,90,"{'rule_name': 'SanctionsScreening', 'alert_age_days': 11}",LOW,SanctionsScreening,transaction_monitor,37.0,USR16522,corporate,US,out,1483.98,False,False,False,0.0,False,0,0.5
ALT54500,USR8594,Oracle FCC,2026-02-26T19:55:53Z,sanctions,55,"{'rule_name': 'PeerOutlier', 'alert_age_days': 10}",LOW,PeerOutlier,surveillance,62.3,USR8594,smb,US,out,241.36,False,False,False,0.0,False,0,0.5
ALT80403,USR8594,SAS,2026-03-02T18:50:53Z,sanctions,24,"{'rule_name': 'AmountSpike', 'alert_age_days': 3, 'detection_channel': 'screening'}",LOW,AmountSpike,screening,71.0,USR8594,smb,US,out,1733.66,False,False,False,0.0,False,0,0.5
ALT27343,USR6381,NICE,2026-03-07T19:15:53Z,low_buyer_diversity,45,"{'rule_name': 'StructPattern', 'alert_age_days': 12}",LOW,StructPattern,screening,46.7,USR6381,retail,US,out,880.8,False,False,False,0.0,False,0,0.5
ALT92544,USR45038,NICE,2026-03-06T14:09:53Z,burst_activity,36,"{'rule_name': 'PEPMatch', 'alert_age_days': 3, 'detection_channel': 'screening'}",LOW,PEPMatch,screening,32.9,USR45038,smb,US,out,195061.39,False,False,False,0.0,False,0,0.5
ALT45002,USR65456,Actimize,2026-02-10T08:42:53Z,cross_border,55,"{'rule_name': 'SanctionsScreening', 'alert_age_days': 10}",MEDIUM,SanctionsScreening,surveillance,45.2,USR65456,retail,US,out,1681.91,False,False,False,0.0,False,4,0.9224775909966421
ALT82434,USR43301,FICO,2026-03-01T22:04:53Z,dormant,63,"{'rule_name': 'DormantReactivate', 'alert_age_days': 5}",LOW,DormantReactivate,network_analytics,60.9,USR43301,retail,US,out,619.59,False,False,False,0.0,False,0,0.5
ALT24599,USR64385,FICO,2026-03-04T03:21:53Z,smurfing,54,"{'rule_name': 'VelocityThreshold', 'alert_age_days': 4}",MEDIUM,VelocityThreshold,surveillance,66.09468416533541,USR64385,retail,US,out,9228.41,False,False,False,0.0,False,0,0.5
ALT4660,USR73574,SAS,2026-02-27T16:47:53Z,burst_activity,34,"{'rule_name': 'VelocityThreshold', 'alert_age_days': 11, 'detection_channel': 'surveillance'}",LOW,VelocityThreshold,surveillance,42.0,USR73574,corporate,US,out,69.3,False,False,False,0.0,False,0,0.5
ALT6450,USR45045,NICE,2026-03-03T08:24:53Z,dormant,42,"{'rule_name': 'CrossBorderFlow', 'alert_age_days': 3, 'detection_channel': 'surveillance'}",LOW,CrossBorderFlow,surveillance,86.1,USR45045,smb,US,out,1263.3,False,False,False,0.0,False,0,0.5
ALT37897,USR6381,NICE,2026-03-03T21:29:53Z,low_buyer_diversity,70,"{'rule_name': 'StructPattern', 'alert_age_days': 13}",LOW,StructPattern,surveillance,92.9,USR6381,retail,US,out,21843.15,False,False,False,0.0,False,0,0.5
ALT95361,USR6381,FICO,2026-02-20T03:39:53Z,flow_through,22,"{'rule_name': 'SanctionsScreening', 'alert_age_days': 2}",LOW,SanctionsScreening,transaction_monitor,43.7,USR6381,corporate,US,out,921.22,False,False,False,0.0,False,0,0.5
ALT5821,USR78605,NICE,2026-02-07T23:03:53Z,high_amount_outlier,36,"{'rule_name': 'StructPattern', 'alert_age_days': 10}",MEDIUM,StructPattern,network_analytics,100.0,USR78605,retail,US,out,81.45,False,False,False,0.0,False,3,0.5
ALT37528,USR35452,NICE,2026-02-20T10:36:53Z,rapid_velocity,86,"{'rule_name': 'CrossBorderFlow', 'alert_age_days': 9}",MEDIUM,CrossBorderFlow,transaction_monitor,56.19429702125785,USR35452,retail,US,out,605.54,False,False,False,0.0,False,8,0.8504943569746082
ALT11818,USR44568,FICO,2026-02-12T19:25:53Z,smurfing,27,"{'rule_name': 'PEPMatch', 'alert_age_days': 7}",LOW,PEPMatch,screening,92.9,USR44568,retail,US,out,9718.41,False,False,False,0.0,False,0,0.5
ALT93223,USR27675,SAS,2026-02-10T04:02:53Z,sanctions,51,"{'rule_name': 'SanctionsScreening', 'alert_age_days': 5}",LOW,SanctionsScreening,surveillance,94.7,USR27675,smb,US,out,1927.74,False,False,False,0.0,False,0,0.5
ALT67854,USR52647,NICE,2026-02-10T12:05:53Z,sanctions,35,"{'rule_name': 'StructPattern', 'alert_age_days': 5}",LOW,StructPattern,screening,30.8,USR52647,private_banking,US,out,311.6,False,False,False,0.0,False,0,0.5
ALT76505,USR97561,NICE,2026-02-27T16:15:53Z,dormant,27,"{'rule_name': 'AmountSpike', 'alert_age_days': 9, 'detection_channel': 'transaction_monitor'}",LOW,AmountSpike,transaction_monitor,81.9,USR97561,retail,US,out,392.34,False,False,False,0.0,False,0,0.5
ALT71611,USR97068,Oracle FCC,2026-02-21T21:24:53Z,sanctions,51,"{'rule_name': 'DormantReactivate', 'alert_age_days': 7}",LOW,DormantReactivate,network_analytics,96.0,USR97068,smb,US,out,473.64,False,False,False,0.0,False,0,0.5
ALT66044,USR82762,Actimize,2026-02-22T22:50:53Z,high_amount_outlier,59,"{'rule_name': 'PeerOutlier', 'alert_age_days': 10}",LOW,PeerOutlier,transaction_monitor,91.6,USR82762,retail,US,out,1885.21,False,False,False,0.0,False,0,0.5
ALT77597,USR12811,FICO,2026-03-01T02:41:53Z,high_amount_outlier,33,"{'rule_name': 'PEPMatch', 'alert_age_days': 8}",LOW,PEPMatch,transaction_monitor,96.0,USR12811,smb,US,out,8162.41,False,False,False,0.0,False,0,0.5
ALT1804,USR65456,Oracle FCC,2026-02-23T04:54:53Z,flow_through,25,"{'rule_name': 'SanctionsScreening', 'alert_age_days': 6}",LOW,SanctionsScreening,network_analytics,67.4,USR65456,corporate,US,out,5316.84,False,False,False,0.0,False,0,0.5
ALT86679,USR77837,FICO,2026-02-25T15:45:53Z,cross_border,30,"{'rule_name': 'PEPMatch', 'alert_age_days': 3}",LOW,PEPMatch,surveillance,35.3,USR77837,smb,US,out,2173.34,False,False,False,0.0,False,0,0.5
ALT74245,USR40241,Oracle FCC,2026-02-09T08:05:53Z,high_amount_outlier,68,"{'rule_name': 'VelocityThreshold', 'alert_age_days': 1}",HIGH,VelocityThreshold,transaction_monitor,87.8,USR40241,corporate,US,out,25273.01678629504,False,False,False,0.0,False,0,0.5
ALT74202,USR6381,Actimize,2026-03-04T06:57:53Z,cross_border,84,"{'rule_name': 'StructPattern', 'alert_age_days': 3, 'detection_channel': 'network_analytics'}",LOW,StructPattern,network_analytics,71.7,USR6381,private_banking,US,out,149.62,False,False,False,0.0,False,0,0.5
ALT39949,USR50034,Actimize,2026-02-20T05:16:53Z,rapid_velocity,33,"{'rule_name': 'DormantReactivate', 'alert_age_days': 7}",HIGH,DormantReactivate,network_analytics,71.8,USR50034,private_banking,US,out,13602.444298116461,False,False,False,2.111148833656898,False,0,0.5
ALT80285,USR37079,NICE,2026-02-11T09:54:53Z,dormant,44,"{'rule_name': 'VelocityThreshold', 'alert_age_days': 0}",MEDIUM,VelocityThreshold,transaction_monitor,77.23986732773028,USR37079,corporate,US,out,145.74,False,False,False,0.0,False,0,0.8397581902729173
ALT38799,USR18254,SAS,2026-03-03T03:44:53Z,cross_border,45,"{'rule_name': 'CrossBorderFlow', 'alert_age_days': 4}",MEDIUM,CrossBorderFlow,screening,68.9,USR18254,corporate,US,out,781.84,False,False,False,0.0,False,8,0.5
ALT5847,USR35452,FICO,2026-02-28T19:04:53Z,smurfing,47,"{'rule_name': 'StructPattern', 'alert_age_days': 7, 'detection_channel': 'screening'}",LOW,StructPattern,screening,40.4,USR35452,private_banking,US,out,1730.6,False,False,False,0.0,False,0,0.5
ALT90873,USR43301,FICO,2026-02-08T08:19:53Z,dormant,38,"{'rule_name': 'PEPMatch', 'alert_age_days': 4}",MEDIUM,PEPMatch,transaction_monitor,100.0,USR43301,private_banking,US,out,199.06,False,False,False,0.0,False,0,0.5
ALT24218,USR83973,FICO,2026-02-12T13:08:53Z,sanctions,24,"{'rule_name': 'VelocityThreshold', 'alert_age_days': 3, 'detection_channel': 'transaction_monitor'}",HIGH,VelocityThreshold,transaction_monitor,35.1,USR83973,smb,US,out,235.95,True,False,False,0.0,False,0,0.5
ALT11088,USR92675,Oracle FCC,2026-02-07T05:29:53Z,flow_through,59,"{'rule_name': 'StructPattern', 'alert_age_days': 5}",MEDIUM,StructPattern,transaction_monitor,79.6,USR92675,retail,US,out,952.24,False,False,False,0.0,False,4,0.9228480714803723
ALT62567,USR73574,Actimize,2026-02-14T21:05:53Z,structuring,46,"{'rule_name': 'StructPattern', 'alert_age_days': 1}",LOW,StructPattern,transaction_monitor,87.7,USR73574,retail,US,out,2334.32,False,False,False,0.0,False,0,0.5
ALT24131,USR75808,NICE,2026-02-09T18:08:53Z,low_buyer_diversity,45,"{'rule_name': 'StructPattern', 'alert_age_days': 12, 'detection_channel': 'screening'}",MEDIUM,StructPattern,screening,76.41217020013866,USR75808,private_banking,US,out,5389.88,False,False,False,0.0,False,2,0.9694112496785334
ALT85953,USR45038,Oracle FCC,2026-02-28T01:16:53Z,flow_through,39,"{'rule_name': 'DormantReactivate', 'alert_age_days': 13, 'detection_channel': 'screening'}",LOW,DormantReactivate,screening,64.7,USR45038,corporate,US,out,2725.97,False,False,False,0.0,False,0,0.5
ALT44930,USR22723,NICE,2026-02-22T10:23:53Z,bank_alert,89,"{'rule_name': 'CrossBorderFlow', 'alert_age_days': 7}",MEDIUM,CrossBorderFlow,transaction_monitor,51.2,USR22723,smb,US,out,1224.74,False,False,False,0.0,False,0,0.5
ALT1445,USR75808,SAS,2026-03-08T03:53:53Z,structuring,65,"{'rule_name': 'PEPMatch', 'alert_age_days': 13, 'detection_channel': 'screening'}",HIGH,PEPMatch,screening,95.9,USR75808,smb,US,out,21581.20246332039,False,False,False,0.0,False,0,0.5
ALT95219,USR76113,Actimize,2026-03-01T05:44:53Z,cross_border,51,"{'rule_name': 'CrossBorderFlow', 'alert_age_days': 5, 'detection_channel': 'transaction_monitor'}",LOW,CrossBorderFlow,transaction_monitor,79.9,USR76113,smb,US,out,220.0,False,False,False,0.0,False,0,0.5
ALT51947,USR27675,NICE,2026-02-25T02:27:53Z,high_risk_country,35,"{'rule_name': 'DormantReactivate', 'alert_age_days': 2}",HIGH,DormantReactivate,network_analytics,55.1,USR27675,private_banking,RU,out,14011.01296348417,False,True,False,0.0,False,0,0.5
ALT27034,USR52647,FICO,2026-02-22T00:51:53Z,structuring,80,"{'rule_name': 'PeerOutlier', 'alert_age_days': 1, 'detection_channel': 'transaction_monitor'}",HIGH,PeerOutlier,transaction_monitor,41.9,USR52647,corporate,US,out,25343.12239032948,False,False,True,0.0,False,0,0.5
ALT68050,USR78605,Actimize,2026-02-08T09:23:53Z,low_buyer_diversity,86,"{'rule_name': 'PeerOutlier', 'alert_age_days': 5}",LOW,PeerOutlier,network_analytics,44.9,USR78605,private_banking,US,out,1816.99,False,False,False,0.0,False,0,0.5
ALT53529,USR70051,SAS,2026-02-08T20:41:53Z,bank_alert,22,"{'rule_name': 'SanctionsScreening', 'alert_age_days': 5}",MEDIUM,SanctionsScreening,surveillance,74.29342371965731,USR70051,smb,US,out,47.0,False,False,False,0.0,False,0,0.8496371735891125
ALT3931,USR67791,Oracle FCC,2026-02-25T05:53:53Z,rapid_velocity,89,"{'rule_name': 'StructPattern', 'alert_age_days': 13, 'detection_channel': 'network_analytics'}",LOW,StructPattern,network_analytics,94.1,USR67791,smb,US,out,337.47,False,False,False,0.0,False,0,0.5
ALT76204,USR20146,SAS,2026-02-06T21:18:53Z,low_buyer_diversity,72,"{'rule_name': 'DormantReactivate', 'alert_age_days': 4}",LOW,DormantReactivate,surveillance,79.9,USR20146,retail,US,out,6679.25,False,False,False,0.0,False,0,0.5
ALT40733,USR85828,Actimize,2026-02-08T00:38:53Z,dormant,27,"{'rule_name': 'SanctionsScreening', 'alert_age_days': 13, 'detection_channel': 'screening'}",MEDIUM,SanctionsScreening,screening,56.42706644381421,USR85828,private_banking,US,out,1235.0,False,False,False,0.0,False,0,0.8872928450438508
ALT70281,USR97068,NICE,2026-02-13T07:55:53Z,rapid_velocity,76,"{'rule_name': 'SanctionsScreening', 'alert_age_days': 5, 'detection_channel': 'surveillance'}",LOW,SanctionsScreening,surveillance,88.5,USR97068,corporate,US,out,130.91,False,False,False,0.0,False,0,0.5
ALT89666,USR64385,Actimize,2026-03-05T06:44:53Z,cross_border,28,"{'rule_name': 'DormantReactivate', 'alert_age_days': 7}",LOW,DormantReactivate,screening,55.7,USR64385,corporate,US,out,37561.38,False,False,False,0.0,False,0,0.5
ALT61450,USR9213,Oracle FCC,2026-02-20T12:34:53Z,low_buyer_diversity,23,"{'rule_name': 'PeerOutlier', 'alert_age_days': 7, 'detection_channel': 'transaction_monitor'}",LOW,PeerOutlier,transaction_monitor,87.9,USR9213,smb,US,out,1050.04,False,False,False,0.0,False,0,0.5
ALT67488,USR85828,Oracle FCC,2026-02-28T01:02:53Z,flow_through,28,"{'rule_name': 'SanctionsScreening', 'alert_age_days': 7}",LOW,SanctionsScreening,screening,46.4,USR85828,smb,US,out,1951.79,False,False,False,0.0,False,0,0.5
ALT26210,USR69736,Oracle FCC,2026-02-19T02:28:53Z,bank_alert,54,"{'rule_name': 'DormantReactivate', 'alert_age_days': 4}",MEDIUM,DormantReactivate,screening,92.25433041625308,USR69736,private_banking,US,out,1996.77,False,False,False,0.0,False,0,0.5
ALT24527,USR77837,Oracle FCC,2026-02-11T22:48:53Z,cross_border,66,"{'rule_name': 'PEPMatch', 'alert_age_days': 2, 'detection_channel': 'transaction_monitor'}",MEDIUM,PEPMatch,transaction_monitor,100.0,USR77837,smb,US,out,631.82,False,False,False,0.0,False,0,0.8654834567896347
ALT42084,USR54542,SAS,2026-02-17T21:22:53Z,flow_through,50,"{'rule_name': 'StructPattern', 'alert_age_days': 12, 'detection_channel': 'transaction_monitor'}",LOW,StructPattern,transaction_monitor,47.5,USR54542,corporate,US,out,368.2,False,False,False,0.0,False,0,0.5
ALT85424,USR75808,SAS,2026-02-09T12:11:53Z,high_risk_country,29,"{'rule_name': 'CrossBorderFlow', 'alert_age_days': 0, 'detection_channel': 'network_analytics'}",HIGH,CrossBorderFlow,network_analytics,77.1,USR75808,retail,PA,out,26436.81,False,True,False,0.0,False,0,0.5
ALT52894,USR27675,SAS,2026-03-01T20:43:53Z,flow_through,34,"{'rule_name': 'VelocityThreshold', 'alert_age_days': 7}",LOW,VelocityThreshold,surveillance,97.1,USR27675,smb,US,out,4938.46,False,False,False,0.0,False,0,0.5
ALT35454,USR9213,FICO,2026-02-12T06:17:53Z,dormant,83,"{'rule_name': 'VelocityThreshold', 'alert_age_days': 0, 'detection_channel': 'screening'}",LOW,VelocityThreshold,screening,40.2,USR9213,private_banking,US,out,3762.75,False,False,False,0.0,False,0,0.5
ALT78180,USR16522,Oracle FCC,2026-02-18T01:08:53Z,low_buyer_diversity,92,"{'rule_name': 'AmountSpike', 'alert_age_days': 8, 'detection_channel': 'network_analytics'}",LOW,AmountSpike,network_analytics,36.0,USR16522,retail,US,out,2603.04,False,False,False,0.0,False,0,0.5
ALT85480,USR67791,NICE,2026-03-08T03:46:53Z,cross_border,76,"{'rule_name': 'StructPattern', 'alert_age_days': 0, 'detection_channel': 'transaction_monitor'}",HIGH,StructPattern,transaction_monitor,75.8,USR67791,retail,US,out,243.48,False,False,True,0.0,False,0,0.5
ALT90349,USR71747,NICE,2026-02-24T12:21:53Z,dormant,27,"{'rule_name': 'AmountSpike', 'alert_age_days': 5}",LOW,AmountSpike,screening,53.1,USR71747,private_banking,US,out,7452.43,False,False,False,0.0,False,0,0.5
ALT30595,USR82762,Oracle FCC,2026-02-20T12:18:53Z,rapid_velocity,81,"{'rule_name': 'AmountSpike', 'alert_age_days': 8, 'detection_channel': 'network_analytics'}",LOW,AmountSpike,network_analytics,34.8,USR82762,smb,US,out,309.61,False,False,False,0.0,False,0,0.5
ALT71253,USR70051,NICE,2026-02-23T01:07:53Z,high_risk_country,71,"{'rule_name': 'DormantReactivate', 'alert_age_days': 7}",MEDIUM,DormantReactivate,surveillance,62.3,USR70051,smb,US,out,1677.28,False,False,False,0.0,False,10,0.9545016809766552
ALT59441,USR50034,SAS,2026-03-02T06:41:53Z,burst_activity,59,"{'rule_name': 'PEPMatch', 'alert_age_days': 8, 'detection_channel': 'screening'}",LOW,PEPMatch,screening,81.3,USR50034,corporate,US,out,93.78,False,False,False,0.0,False,0,0.5
ALT45447,USR18254,FICO,2026-02-14T09:22:53Z,burst_activity,30,"{'rule_name': 'SanctionsScreening', 'alert_age_days': 10, 'detection_channel': 'screening'}",MEDIUM,SanctionsScreening,screening,49.4,USR18254,retail,US,out,51.35,False,False,False,0.0,False,0,0.5
ALT40296,USR97561,FICO,2026-02-25T20:21:53Z,dormant,94,"{'rule_name': 'AmountSpike', 'alert_age_days': 12}",LOW,AmountSpike,transaction_monitor,52.8,USR97561,retail,US,out,1767.7,False,False,False,0.0,False,0,0.5
ALT12340,USR51322,Actimize,2026-03-04T22:29:53Z,bank_alert,53,"{'rule_name': 'CrossBorderFlow', 'alert_age_days': 10}",LOW,CrossBorderFlow,transaction_monitor,87.5,USR51322,retail,US,out,325.82,False,False,False,0.0,False,0,0.5
ALT28207,USR69736,NICE,2026-02-23T22:17:53Z,high_risk_country,23,"{'rule_name': 'SanctionsScreening', 'alert_age_days': 4}",LOW,SanctionsScreening,transaction_monitor,65.4,USR69736,retail,US,out,55.49,False,False,False,0.0,False,0,0.5
ALT55416,USR6791,NICE,2026-02-20T03:39:53Z,cross_border,35,"{'rule_name': 'VelocityThreshold', 'alert_age_days': 9, 'detection_channel': 'network_analytics'}",HIGH,VelocityThreshold,network_analytics,87.3,USR6791,retail,US,out,17825.754582700454,False,False,False,0.0,True,0,0.5
ALT88768,USR92675,NICE,2026-02-11T02:38:53Z,smurfing,50,"{'rule_name': 'DormantReactivate', 'alert_age_days': 0}",LOW,DormantReactivate,surveillance,60.4,USR92675,corporate,US,out,26373.66,False,False,False,0.0,False,0,0.5
ALT86766,USR73574,FICO,2026-02-14T04:55:53Z,dormant,24,"{'rule_name': 'AmountSpike', 'alert_age_days': 1}",LOW,AmountSpike,screening,94.8,USR73574,smb,US,out,8816.15,False,False,False,0.0,False,0,0.5
ALT19571,USR83973,NICE,2026-03-07T03:17:53Z,flow_through,44,"{'rule_name': 'StructPattern', 'alert_age_days': 11}",LOW,StructPattern,network_analytics,74.3,USR83973,retail,US,out,745.48,False,False,False,0.0,False,0,0.5
ALT68252,USR43887,Oracle FCC,2026-02-22T23:51:53Z,flow_through,55,"{'rule_name': 'DormantReactivate', 'alert_age_days': 10}",MEDIUM,DormantReactivate,transaction_monitor,37.9,USR43887,retail,US,out,1111.28,False,False,False,0.0,False,0,0.5
ALT9396,USR97561,FICO,2026-02-15T19:07:53Z,smurfing,91,"{'rule_name': 'CrossBorderFlow', 'alert_age_days': 5, 'detection_channel': 'transaction_monitor'}",MEDIUM,CrossBorderFlow,transaction_monitor,90.2,USR97561,smb,US,out,4152.89,False,False,False,0.0,False,4,0.5
ALT67825,USR50034,FICO,2026-02-19T07:22:53Z,structuring,26,"{'rule_name': 'StructPattern', 'alert_age_days': 0, 'detection_channel': 'screening'}",MEDIUM,StructPattern,screening,87.91280550285177,USR50034,private_banking,US,out,5902.86,False,False,False,0.0,False,0,0.8426031206475781
ALT34850,USR85858,Actimize,2026-02-24T02:19:53Z,flow_through,63,"{'rule_name': 'PeerOutlier', 'alert_age_days': 13}",LOW,PeerOutlier,network_analytics,39.6,USR85858,smb,US,out,655.04,False,False,False,0.0,False,0,0.5
ALT45534,USR70051,NICE,2026-02-22T21:11:53Z,dormant,88,"{'rule_name': 'StructPattern', 'alert_age_days': 1}",MEDIUM,StructPattern,surveillance,52.61805586982565,USR70051,retail,US,out,1154.32,False,False,False,0.0,False,9,0.5
ALT72045,USR45045,Oracle FCC,2026-02-27T17:59:53Z,high_risk_country,80,"{'rule_name': 'PeerOutlier', 'alert_age_days': 10, 'detection_channel': 'network_analytics'}",LOW,PeerOutlier,network_analytics,76.8,USR45045,retail,US,out,1721.45,False,False,False,0.0,False,0,0.5
ALT43063,USR51322,NICE,2026-02-14T11:32:53Z,burst_activity,89,"{'rule_name': 'StructPattern', 'alert_age_days': 11}",LOW,StructPattern,transaction_monitor,33.2,USR51322,smb,US,out,2516.98,False,False,False,0.0,False,0,0.5
ALT80934,USR9417,Oracle FCC,2026-02-26T05:35:53Z,sanctions,32,"{'rule_name': 'AmountSpike', 'alert_age_days': 7}",MEDIUM,AmountSpike,network_analytics,64.22716846533238,USR9417,retail,US,out,898.19,False,False,False,0.0,False,2,0.842418432002426
ALT53823,USR8925,Oracle FCC,2026-02-20T00:52:53Z,high_amount_outlier,80,"{'rule_name': 'SanctionsScreening', 'alert_age_days': 7}",LOW,SanctionsScreening,transaction_monitor,39.5,USR8925,private_banking,US,out,915.87,False,False,False,0.0,False,0,0.5
ALT99874,USR9417,NICE,2026-03-06T23:22:53Z,dormant,93,"{'rule_name': 'StructPattern', 'alert_age_days': 0, 'detection_channel': 'transaction_monitor'}",LOW,StructPattern,transaction_monitor,60.0,USR9417,private_banking,US,out,8688.44,False,False,False,0.0,False,0,0.5
ALT64185,USR18254,FICO,2026-02-11T11:51:53Z,rapid_velocity,44,"{'rule_name': 'SanctionsScreening', 'alert_age_days': 2, 'detection_channel': 'surveillance'}",HIGH,SanctionsScreening,surveillance,58.2,USR18254,smb,US,out,6729.67,False,False,False,2.152872971123377,False,0,0.5
ALT30339,USR43301,Actimize,2026-02-11T05:01:53Z,structuring,57,"{'rule_name': 'PeerOutlier', 'alert_age_days': 11}",MEDIUM,PeerOutlier,transaction_monitor,71.1231162165334,USR43301,private_banking,US,out,2244.23,False,False,False,0.0,False,0,0.5
ALT77752,USR6791,Actimize,2026-02-20T14:32:53Z,burst_activity,59,"{'rule_name': 'PEPMatch', 'alert_age_days': 10}",LOW,PEPMatch,network_analytics,49.0,USR6791,smb,US,out,14453.09,False,False,False,0.0,False,0,0.5
ALT41385,USR67791,SAS,2026-02-22T00:09:53Z,sanctions,57,"{'rule_name': 'StructPattern', 'alert_age_days': 8, 'detection_channel': 'network_analytics'}",MEDIUM,StructPattern,network_analytics,43.540831258189066,USR67791,retail,US,out,614.21,False,False,False,0.0,False,0,0.5
ALT53882,USR35452,FICO,2026-02-27T11:34:53Z,dormant,41,"{'rule_name': 'PeerOutlier', 'alert_age_days': 4}",LOW,PeerOutlier,surveillance,71.8,USR35452,private_banking,US,out,12512.21,False,False,False,0.0,False,0,0.5
ALT14545,USR77394,NICE,2026-02-18T21:03:53Z,high_risk_country,92,"{'rule_name': 'PEPMatch', 'alert_age_days': 4, 'detection_channel': 'screening'}",HIGH,PEPMatch,screening,55.4,USR77394,private_banking,US,out,2474.45,False,False,True,0.0,False,0,0.5
ALT12814,USR8594,FICO,2026-03-06T04:01:53Z,high_risk_country,91,"{'rule_name': 'SanctionsScreening', 'alert_age_days': 13}",LOW,SanctionsScreening,transaction_monitor,74.3,USR8594,smb,US,out,148232.78,False,False,False,0.0,False,0,0.5
ALT57911,USR9213,Actimize,2026-02-20T23:33:53Z,smurfing,48,"{'rule_name': 'StructPattern', 'alert_age_days': 2, 'detection_channel': 'surveillance'}",MEDIUM,StructPattern,surveillance,51.70203856928192,USR9213,corporate,US,out,183.33,False,False,False,0.0,False,0,0.946138670127427
ALT19482,USR85858,SAS,2026-02-10T15:16:53Z,sanctions,80,"{'rule_name': 'SanctionsScreening', 'alert_age_days': 3, 'detection_channel': 'surveillance'}",LOW,SanctionsScreening,surveillance,30.9,USR85858,retail,US,out,389.94,False,False,False,0.0,False,0,0.5
ALT99759,USR54542,Oracle FCC,2026-02-10T07:59:53Z,high_amount_outlier,49,"{'rule_name': 'VelocityThreshold', 'alert_age_days': 1, 'detection_channel': 'network_analytics'}",LOW,VelocityThreshold,network_analytics,46.9,USR54542,corporate,US,out,2055.34,False,False,False,0.0,False,0,0.5
ALT85710,USR37079,Oracle FCC,2026-03-07T23:00:53Z,high_amount_outlier,79,"{'rule_name': 'DormantReactivate', 'alert_age_days': 5, 'detection_channel': 'surveillance'}",CRITICAL,DormantReactivate,surveillance,61.0,USR37079,corporate,US,out,20279.010722217918,False,False,False,0.0,False,0,0.5
ALT70386,USR82275,SAS,2026-02-10T18:41:53Z,high_risk_country,63,"{'rule_name': 'AmountSpike', 'alert_age_days': 11, 'detection_channel': 'transaction_monitor'}",LOW,AmountSpike,transaction_monitor,56.8,USR82275,corporate,US,out,20439.17,False,False,False,0.0,False,0,0.5
ALT73734,USR45045,Oracle FCC,2026-03-07T04:36:53Z,low_buyer_diversity,55,"{'rule_name': 'DormantReactivate', 'alert_age_days': 3, 'detection_channel': 'transaction_monitor'}",LOW,DormantReactivate,transaction_monitor,85.1,USR45045,corporate,US,out,402.4,False,False,False,0.0,False,0,0.5
ALT59925,USR22723,NICE,2026-02-15T02:21:53Z,low_buyer_diversity,29,"{'rule_name': 'DormantReactivate', 'alert_age_days': 10, 'detection_channel': 'network_analytics'}",LOW,DormantReactivate,network_analytics,55.7,USR22723,corporate,US,out,4261.51,False,False,False,0.0,False,0,0.5
ALT6968,USR65456,Oracle FCC,2026-02-09T13:24:53Z,flow_through,69,"{'rule_name': 'VelocityThreshold', 'alert_age_days': 11}",LOW,VelocityThreshold,transaction_monitor,66.1,USR65456,corporate,US,out,6271.02,False,False,False,0.0,False,0,0.5
ALT39844,USR51322,Oracle FCC,2026-02-15T21:32:53Z,flow_through,44,"{'rule_name': 'DormantReactivate', 'alert_age_days': 3, 'detection_channel': 'network_analytics'}",LOW,DormantReactivate,network_analytics,70.4,USR51322,private_banking,US,out,3155.72,False,False,False,0.0,False,0,0.5
ALT50083,USR54542,NICE,2026-02-25T04:43:53Z,low_buyer_diversity,36,"{'rule_name': 'PEPMatch', 'alert_age_days': 2}",LOW,PEPMatch,transaction_monitor,31.5,USR54542,retail,US,out,259.43,False,False,False,0.0,False,0,0.5
ALT91613,USR16522,SAS,2026-02-19T14:14:53Z,burst_activity,34,"{'rule_name': 'AmountSpike', 'alert_age_days': 0}",MEDIUM,AmountSpike,surveillance,65.0,USR16522,smb,US,out,9060.13,False,False,False,0.0,False,5,0.8559332481997622
ALT22729,USR9417,NICE,2026-03-02T07:46:53Z,dormant,93,"{'rule_name': 'CrossBorderFlow', 'alert_age_days': 13}",LOW,CrossBorderFlow,network_analytics,53.4,USR9417,smb,US,out,6932.58,False,False,False,0.0,False,0,0.5
ALT50194,USR8594,SAS,2026-02-25T02:03:53Z,high_amount_outlier,27,"{'rule_name': 'PEPMatch', 'alert_age_days': 7, 'detection_channel': 'screening'}",LOW,PEPMatch,screening,58.6,USR8594,corporate,US,out,2695.6,False,False,False,0.0,False,0,0.5
ALT35062,USR64385,SAS,2026-02-18T18:42:53Z,sanctions,79,"{'rule_name': 'VelocityThreshold', 'alert_age_days': 8, 'detection_channel': 'transaction_monitor'}",HIGH,VelocityThreshold,transaction_monitor,36.8,USR64385,retail,US,out,28580.662570275425,True,False,False,0.0,False,0,0.5
ALT14302,USR71747,NICE,2026-02-25T19:04:53Z,smurfing,84,"{'rule_name': 'AmountSpike', 'alert_age_days': 11}",MEDIUM,AmountSpike,network_analytics,94.85610744245201,USR71747,smb,US,out,1539.42,False,False,False,0.0,False,4,0.5
ALT11198,USR37079,FICO,2026-03-07T21:36:53Z,bank_alert,22,"{'rule_name': 'DormantReactivate', 'alert_age_days': 12, 'detection_channel': 'transaction_monitor'}",MEDIUM,DormantReactivate,transaction_monitor,99.23756022068666,USR37079,private_banking,US,out,974.47,False,False,False,0.0,False,0,0.5
ALT37172,USR83973,FICO,2026-02-19T02:39:53Z,sanctions,64,"{'rule_name': 'AmountSpike', 'alert_age_days': 7}",HIGH,AmountSpike,surveillance,31.5,USR83973,retail,US,out,2867.45,True,False,False,0.0,False,0,0.5
ALT9159,USR27675,SAS,2026-02-11T08:37:53Z,bank_alert,63,"{'rule_name': 'PEPMatch', 'alert_age_days': 11}",MEDIUM,PEPMatch,network_analytics,87.80999411820237,USR27675,corporate,US,out,1149.06,False,False,False,0.0,False,11,0.8303101367561677
ALT7649,USR51322,FICO,2026-02-19T00:28:53Z,rapid_velocity,46,"{'rule_name': 'AmountSpike', 'alert_age_days': 9, 'detection_channel': 'surveillance'}",LOW,AmountSpike,surveillance,81.9,USR51322,corporate,US,out,307.11,False,False,False,0.0,False,0,0.5
ALT35735,USR16522,Actimize,2026-03-03T23:01:53Z,sanctions,70,"{'rule_name': 'PEPMatch', 'alert_age_days': 10, 'detection_channel': 'transaction_monitor'}",LOW,PEPMatch,transaction_monitor,49.4,USR16522,smb,US,out,227.49,False,False,False,0.0,False,0,0.5
ALT20995,USR50034,NICE,2026-02-13T06:50:53Z,low_buyer_diversity,50,"{'rule_name': 'VelocityThreshold', 'alert_age_days': 1, 'detection_channel': 'network_analytics'}",LOW,VelocityThreshold,network_analytics,83.6,USR50034,retail,US,out,354.94,False,False,False,0.0,False,0,0.5
ALT55925,USR63165,FICO,2026-03-07T05:31:53Z,high_risk_country,52,"{'rule_name': 'PeerOutlier', 'alert_age_days': 6, 'detection_channel': 'transaction_monitor'}",MEDIUM,PeerOutlier,transaction_monitor,90.30460101070584,USR63165,retail,US,out,1530.27,False,False,False,0.0,False,0,0.9193269861009113
ALT2749,USR27675,Oracle FCC,2026-02-24T09:43:53Z,high_risk_country,52,"{'rule_name': 'DormantReactivate', 'alert_age_days': 3}",LOW,DormantReactivate,surveillance,93.2,USR27675,smb,US,out,1053.18,False,False,False,0.0,False,0,0.5
ALT30879,USR76113,FICO,2026-02-24T19:16:53Z,flow_through,80,"{'rule_name': 'StructPattern', 'alert_age_days': 5, 'detection_channel': 'surveillance'}",MEDIUM,StructPattern,surveillance,100.0,USR76113,retail,US,out,1514.77,False,False,False,0.0,False,0,0.9393243354786387
ALT45874,USR63165,FICO,2026-02-16T06:25:53Z,low_buyer_diversity,67,"{'rule_name': 'StructPattern', 'alert_age_days': 10}",MEDIUM,StructPattern,screening,32.9,USR63165,retail,US,out,2324.41,False,False,False,0.0,False,0,0.8422901981455526
ALT96350,USR55457,Actimize,2026-03-06T08:52:53Z,high_risk_country,48,"{'rule_name': 'PeerOutlier', 'alert_age_days': 4, 'detection_channel': 'screening'}",MEDIUM,PeerOutlier,screening,79.82457393970131,USR55457,retail,US,out,427.96,False,False,False,0.0,False,0,0.8524273880085815
ALT63818,USR6791,Actimize,2026-02-07T20:06:53Z,high_risk_country,89,"{'rule_name': 'PeerOutlier', 'alert_age_days': 1}",LOW,PeerOutlier,transaction_monitor,67.2,USR6791,retail,US,out,9882.2,False,False,False,0.0,False,0,0.5
ALT88190,USR50034,SAS,2026-02-15T17:11:53Z,structuring,80,"{'rule_name': 'DormantReactivate', 'alert_age_days': 4, 'detection_channel': 'network_analytics'}",LOW,DormantReactivate,network_analytics,40.0,USR50034,private_banking,US,out,733.94,False,False,False,0.0,False,0,0.5
ALT34985,USR85858,SAS,2026-02-19T07:23:53Z,dormant,89,"{'rule_name': 'VelocityThreshold', 'alert_age_days': 12, 'detection_channel': 'transaction_monitor'}",LOW,VelocityThreshold,transaction_monitor,52.9,USR85858,corporate,US,out,572.41,False,False,False,0.0,False,0,0.5
ALT45520,USR6381,SAS,2026-02-21T01:47:53Z,high_risk_country,74,"{'rule_name': 'DormantReactivate', 'alert_age_days': 7, 'detection_channel': 'screening'}",LOW,DormantReactivate,screening,97.2,USR6381,retail,US,out,2261.04,False,False,False,0.0,False,0,0.5
ALT42617,USR43887,SAS,2026-02-20T23:31:53Z,bank_alert,49,"{'rule_name': 'PEPMatch', 'alert_age_days': 3, 'detection_channel': 'surveillance'}",LOW,PEPMatch,surveillance,31.1,USR43887,corporate,US,out,69.77,False,False,False,0.0,False,0,0.5
ALT88851,USR67791,NICE,2026-02-11T04:39:53Z,rapid_velocity,77,"{'rule_name': 'VelocityThreshold', 'alert_age_days': 3}",LOW,VelocityThreshold,surveillance,60.8,USR67791,retail,US,out,335.02,False,False,False,0.0,False,0,0.5
ALT95960,USR54542,Actimize,2026-02-13T12:34:53Z,sanctions,44,"{'rule_name': 'AmountSpike', 'alert_age_days': 1}",HIGH,AmountSpike,surveillance,87.3,USR54542,smb,US,out,4777.2,True,False,False,0.0,False,0,0.5
ALT96270,USR54542,SAS,2026-02-09T14:43:53Z,cross_border,40,"{'rule_name': 'AmountSpike', 'alert_age_days': 5, 'detection_channel': 'surveillance'}",LOW,AmountSpike,surveillance,52.0,USR54542,retail,US,out,80.95,False,False,False,0.0,False,0,0.5
ALT75443,USR8925,Actimize,2026-02-23T22:19:53Z,high_amount_outlier,53,"{'rule_name': 'PEPMatch', 'alert_age_days': 5}",MEDIUM,PEPMatch,surveillance,79.61698752814058,USR8925,retail,US,out,5862.68,False,False,False,0.0,False,0,0.9655051955318165
ALT50807,USR71747,SAS,2026-02-17T06:46:53Z,smurfing,92,"{'rule_name': 'CrossBorderFlow', 'alert_age_days': 1}",LOW,CrossBorderFlow,network_analytics,96.5,USR71747,retail,US,out,10579.83,False,False,False,0.0,False,0,0.5
ALT54544,USR50034,NICE,2026-02-23T17:30:53Z,high_amount_outlier,62,"{'rule_name': 'AmountSpike', 'alert_age_days': 7}",LOW,AmountSpike,screening,62.3,USR50034,smb,US,out,630.06,False,False,False,0.0,False,0,0.5
ALT98069,USR92675,Actimize,2026-02-24T10:44:53Z,dormant,48,"{'rule_name': 'PeerOutlier', 'alert_age_days': 5, 'detection_channel': 'network_analytics'}",LOW,PeerOutlier,network_analytics,38.9,USR92675,smb,US,out,1698.87,False,False,False,0.0,False,0,0.5
ALT29169,USR77394,SAS,2026-02-27T19:35:53Z,rapid_velocity,54,"{'rule_name': 'VelocityThreshold', 'alert_age_days': 3, 'detection_channel': 'network_analytics'}",LOW,VelocityThreshold,network_analytics,33.5,USR77394,smb,US,out,5875.99,False,False,False,0.0,False,0,0.5
ALT35323,USR43887,Actimize,2026-02-23T04:00:53Z,sanctions,41,"{'rule_name': 'SanctionsScreening', 'alert_age_days': 8, 'detection_channel': 'network_analytics'}",HIGH,SanctionsScreening,network_analytics,94.3,USR43887,corporate,US,out,544.47,True,False,False,0.0,False,0,0.5
ALT89801,USR16522,Oracle FCC,2026-02-26T04:40:53Z,dormant,69,"{'rule_name': 'SanctionsScreening', 'alert_age_days': 5}",HIGH,SanctionsScreening,network_analytics,48.1,USR16522,corporate,US,out,4030.57,False,False,False,3.6696888061429664,False,0,0.5
ALT39245,USR77837,NICE,2026-02-24T08:53:53Z,smurfing,46,"{'rule_name': 'PeerOutlier', 'alert_age_days': 5}",LOW,PeerOutlier,network_analytics,64.3,USR77837,corporate,US,out,400.73,False,False,False,0.0,False,0,0.5
ALT24274,USR78155,SAS,2026-02-26T07:54:53Z,flow_through,61,"{'rule_name': 'PeerOutlier', 'alert_age_days': 3, 'detection_channel': 'transaction_monitor'}",MEDIUM,PeerOutlier,transaction_monitor,36.2,USR78155,corporate,US,out,535.71,False,False,False,0.0,False,0,0.5
ALT56485,USR37079,Actimize,2026-02-25T06:08:53Z,flow_through,47,"{'rule_name': 'PeerOutlier', 'alert_age_days': 1, 'detection_channel': 'network_analytics'}",LOW,PeerOutlier,network_analytics,58.8,USR37079,corporate,US,out,330.63,False,False,False,0.0,False,0,0.5
ALT33208,USR8594,Actimize,2026-02-16T05:49:53Z,flow_through,44,"{'rule_name': 'SanctionsScreening', 'alert_age_days': 9}",LOW,SanctionsScreening,surveillance,93.2,USR8594,smb,US,out,1833.48,False,False,False,0.0,False,0,0.5
ALT89195,USR82762,FICO,2026-02-14T03:28:53Z,high_amount_outlier,92,"{'rule_name': 'PEPMatch', 'alert_age_days': 4, 'detection_channel': 'screening'}",LOW,PEPMatch,screening,64.2,USR82762,retail,US,out,6228.89,False,False,False,0.0,False,0,0.5
ALT90996,USR37079,NICE,2026-03-02T09:06:53Z,smurfing,45,"{'rule_name': 'AmountSpike', 'alert_age_days': 2}",LOW,AmountSpike,surveillance,96.0,USR37079,smb,US,out,832.0,False,False,False,0.0,False,0,0.5
ALT31294,USR70051,FICO,2026-02-17T00:53:53Z,sanctions,25,"{'rule_name': 'AmountSpike', 'alert_age_days': 3, 'detection_channel': 'screening'}",LOW,AmountSpike,screening,47.6,USR70051,retail,US,out,162.9,False,False,False,0.0,False,0,0.5
ALT53424,USR97561,Oracle FCC,2026-02-23T05:32:53Z,sanctions,48,"{'rule_name': 'PeerOutlier', 'alert_age_days': 12}",MEDIUM,PeerOutlier,surveillance,64.3,USR97561,private_banking,US,out,216.14,False,False,False,0.0,False,0,0.8579790801921073
ALT98414,USR44340,SAS,2026-02-12T15:58:53Z,flow_through,59,"{'rule_name': 'StructPattern', 'alert_age_days': 5, 'detection_channel': 'network_analytics'}",MEDIUM,StructPattern,network_analytics,93.54912862847607,USR44340,smb,US,out,1982.07,False,False,False,0.0,False,9,0.5
ALT74488,USR20146,SAS,2026-02-19T16:46:53Z,flow_through,27,"{'rule_name': 'SanctionsScreening', 'alert_age_days': 10}",HIGH,SanctionsScreening,transaction_monitor,60.5,USR20146,private_banking,US,out,17433.95,False,False,True,0.0,False,0,0.5
ALT22346,USR82275,FICO,2026-02-22T15:30:53Z,smurfing,42,"{'rule_name': 'SanctionsScreening', 'alert_age_days': 4, 'detection_channel': 'screening'}",LOW,SanctionsScreening,screening,49.0,USR82275,private_banking,US,out,1979.48,False,False,False,0.0,False,0,0.5
ALT59483,USR77837,SAS,2026-02-25T12:52:53Z,bank_alert,32,"{'rule_name': 'PeerOutlier', 'alert_age_days': 8}",LOW,PeerOutlier,network_analytics,88.2,USR77837,smb,US,out,613.79,False,False,False,0.0,False,0,0.5
ALT62368,USR9417,Oracle FCC,2026-02-22T13:08:53Z,flow_through,57,"{'rule_name': 'CrossBorderFlow', 'alert_age_days': 2}",MEDIUM,CrossBorderFlow,screening,56.5,USR9417,private_banking,US,out,3460.87,False,False,False,0.0,False,7,0.9612315508877267
ALT65689,USR82762,Actimize,2026-02-17T13:49:53Z,low_buyer_diversity,74,"{'rule_name': 'CrossBorderFlow', 'alert_age_days': 12, 'detection_channel': 'network_analytics'}",LOW,CrossBorderFlow,network_analytics,66.1,USR82762,smb,US,out,765.67,False,False,False,0.0,False,0,0.5
ALT3476,USR78605,FICO,2026-03-07T14:37:53Z,burst_activity,92,"{'rule_name': 'AmountSpike', 'alert_age_days': 0, 'detection_channel': 'transaction_monitor'}",MEDIUM,AmountSpike,transaction_monitor,96.4,USR78605,retail,US,out,621.77,False,False,False,0.0,False,4,0.5
ALT30638,USR77837,FICO,2026-02-22T03:19:53Z,rapid_velocity,49,"{'rule_name': 'PeerOutlier', 'alert_age_days': 10}",LOW,PeerOutlier,surveillance,42.7,USR77837,retail,US,out,260.42,False,False,False,0.0,False,0,0.5
ALT85605,USR77837,Actimize,2026-03-03T00:07:53Z,sanctions,84,"{'rule_name': 'SanctionsScreening', 'alert_age_days': 6}",LOW,SanctionsScreening,network_analytics,50.5,USR77837,retail,US,out,9069.51,False,False,False,0.0,False,0,0.5
ALT24895,USR37079,FICO,2026-02-28T20:34:53Z,structuring,36,"{'rule_name': 'PeerOutlier', 'alert_age_days': 8}",LOW,PeerOutlier,network_analytics,32.1,USR37079,private_banking,US,out,24.32,False,False,False,0.0,False,0,0.5
ALT30669,USR89311,FICO,2026-02-23T12:08:53Z,structuring,78,"{'rule_name': 'PEPMatch', 'alert_age_days': 7, 'detection_channel': 'transaction_monitor'}",LOW,PEPMatch,transaction_monitor,56.6,USR89311,smb,US,out,3629.28,False,False,False,0.0,False,0,0.5
ALT32926,USR45038,SAS,2026-03-05T08:21:53Z,sanctions,62,"{'rule_name': 'PEPMatch', 'alert_age_days': 3}",LOW,PEPMatch,network_analytics,43.6,USR45038,smb,US,out,546.96,False,False,False,0.0,False,0,0.5
ALT18561,USR73574,Actimize,2026-02-10T14:30:53Z,high_amount_outlier,76,"{'rule_name': 'PeerOutlier', 'alert_age_days': 1, 'detection_channel': 'screening'}",MEDIUM,PeerOutlier,screening,89.1590113254055,USR73574,smb,US,out,592.58,False,False,False,0.0,False,3,0.9798004787757961
ALT16388,USR64385,Actimize,2026-03-06T09:18:53Z,bank_alert,76,"{'rule_name': 'CrossBorderFlow', 'alert_age_days': 3}",LOW,CrossBorderFlow,screening,42.3,USR64385,smb,US,out,13883.73,False,False,False,0.0,False,0,0.5
ALT35354,USR82275,Actimize,2026-03-04T06:18:53Z,cross_border,59,"{'rule_name': 'DormantReactivate', 'alert_age_days': 0}",MEDIUM,DormantReactivate,screening,75.9,USR82275,private_banking,US,out,375.7,False,False,False,0.0,False,10,0.9764440325496705
ALT87556,USR78155,FICO,2026-02-21T20:45:53Z,low_buyer_diversity,39,"{'rule_name': 'AmountSpike', 'alert_age_days': 6}",LOW,AmountSpike,surveillance,47.9,USR78155,private_banking,US,out,395.4,False,False,False,0.0,False,0,0.5
ALT1151,USR18254,Actimize,2026-02-28T18:11:53Z,cross_border,59,"{'rule_name': 'PeerOutlier', 'alert_age_days': 2}",HIGH,PeerOutlier,surveillance,54.2,USR18254,retail,US,out,901.81,False,False,False,0.0,True,0,0.5
ALT29041,USR12811,Oracle FCC,2026-02-22T08:44:53Z,cross_border,82,"{'rule_name': 'SanctionsScreening', 'alert_age_days': 10}",LOW,SanctionsScreening,screening,53.7,USR12811,corporate,US,out,2040.13,False,False,False,0.0,False,0,0.5
ALT7002,USR78155,SAS,2026-02-14T19:39:53Z,dormant,92,"{'rule_name': 'CrossBorderFlow', 'alert_age_days': 7, 'detection_channel': 'transaction_monitor'}",MEDIUM,CrossBorderFlow,transaction_monitor,78.7,USR78155,smb,US,out,565.22,False,False,False,0.0,False,6,0.9470276121462382
ALT56586,USR52647,NICE,2026-03-02T18:03:53Z,bank_alert,89,"{'rule_name': 'DormantReactivate', 'alert_age_days': 13, 'detection_channel': 'network_analytics'}",MEDIUM,DormantReactivate,network_analytics,61.7,USR52647,retail,US,out,103.46,False,False,False,0.0,False,0,0.5
ALT25809,USR51322,NICE,2026-02-14T03:12:53Z,smurfing,33,"{'rule_name': 'VelocityThreshold', 'alert_age_days': 1, 'detection_channel': 'transaction_monitor'}",LOW,VelocityThreshold,transaction_monitor,54.6,USR51322,private_banking,US,out,299.3,False,False,False,0.0,False,0,0.5
ALT79404,USR44340,FICO,2026-02-16T04:33:53Z,cross_border,64,"{'rule_name': 'PeerOutlier', 'alert_age_days': 12}",MEDIUM,PeerOutlier,transaction_monitor,96.37237523663136,USR44340,retail,US,out,7495.07,False,False,False,0.0,False,4,0.8543692266948534
ALT58916,USR69736,Oracle FCC,2026-02-22T08:02:53Z,cross_border,27,"{'rule_name': 'AmountSpike', 'alert_age_days': 0, 'detection_channel': 'surveillance'}",LOW,AmountSpike,surveillance,68.9,USR69736,retail,US,out,1226.8,False,False,False,0.0,False,0,0.5
ALT78597,USR76113,Actimize,2026-03-03T21:03:53Z,sanctions,70,"{'rule_name': 'AmountSpike', 'alert_age_days': 8}",LOW,AmountSpike,screening,44.5,USR76113,retail,US,out,2157.34,False,False,False,0.0,False,0,0.5
ALT63855,USR92675,SAS,2026-02-18T06:34:53Z,high_amount_outlier,94,"{'rule_name': 'DormantReactivate', 'alert_age_days': 3}",LOW,DormantReactivate,surveillance,91.2,USR92675,smb,US,out,740.9,False,False,False,0.0,False,0,0.5
ALT44399,USR77394,SAS,2026-02-21T13:55:53Z,high_risk_country,23,"{'rule_name': 'StructPattern', 'alert_age_days': 3, 'detection_channel': 'network_analytics'}",LOW,StructPattern,network_analytics,53.3,USR77394,corporate,US,out,407.79,False,False,False,0.0,False,0,0.5
ALT86234,USR70051,Actimize,2026-02-08T00:08:53Z,flow_through,69,"{'rule_name': 'DormantReactivate', 'alert_age_days': 4, 'detection_channel': 'transaction_monitor'}",LOW,DormantReactivate,transaction_monitor,32.7,USR70051,smb,US,out,13580.01,False,False,False,0.0,False,0,0.5
ALT48148,USR18254,SAS,2026-02-10T05:34:53Z,rapid_velocity,90,"{'rule_name': 'PeerOutlier', 'alert_age_days': 10}",MEDIUM,PeerOutlier,screening,63.6,USR18254,retail,US,out,826.92,False,False,False,0.0,False,11,0.5
ALT95042,USR12811,SAS,2026-02-08T10:25:53Z,dormant,83,"{'rule_name': 'CrossBorderFlow', 'alert_age_days': 13}",HIGH,CrossBorderFlow,surveillance,38.4,USR12811,retail,US,out,563.94,False,False,False,2.317994437430538,False,0,0.5
ALT99474,USR12811,NICE,2026-02-08T22:01:53Z,cross_border,49,"{'rule_name': 'StructPattern', 'alert_age_days': 2, 'detection_channel': 'network_analytics'}",LOW,StructPattern,network_analytics,46.2,USR12811,private_banking,US,out,5677.2,False,False,False,0.0,False,0,0.5
ALT59312,USR89311,SAS,2026-03-04T19:29:53Z,sanctions,27,"{'rule_name': 'AmountSpike', 'alert_age_days': 11, 'detection_channel': 'surveillance'}",HIGH,AmountSpike,surveillance,80.8,USR89311,private_banking,US,out,31002.899849673086,True,False,False,0.0,False,0,0.5
ALT67784,USR9417,Oracle FCC,2026-03-04T00:23:53Z,high_risk_country,89,"{'rule_name': 'StructPattern', 'alert_age_days': 12, 'detection_channel': 'screening'}",HIGH,StructPattern,screening,38.9,USR9417,private_banking,AE,out,20131.22789568889,False,True,False,0.0,False,0,0.5
ALT26310,USR40241,NICE,2026-03-03T09:54:53Z,sanctions,89,"{'rule_name': 'CrossBorderFlow', 'alert_age_days': 2, 'detection_channel': 'surveillance'}",MEDIUM,CrossBorderFlow,surveillance,99.96354340464427,USR40241,corporate,US,out,1113.62,False,False,False,0.0,False,11,0.8618562666313576
ALT81648,USR76113,Oracle FCC,2026-02-08T10:09:53Z,smurfing,63,"{'rule_name': 'PeerOutlier', 'alert_age_days': 11}",LOW,PeerOutlier,network_analytics,93.7,USR76113,corporate,US,out,1097.08,False,False,False,0.0,False,0,0.5
ALT67486,USR44568,Actimize,2026-02-09T02:03:53Z,high_risk_country,93,"{'rule_name': 'VelocityThreshold', 'alert_age_days': 12}",HIGH,VelocityThreshold,screening,71.2,USR44568,private_banking,US,out,1618.76,False,False,True,0.0,False,0,0.5
ALT90351,USR20146,Oracle FCC,2026-02-15T04:11:53Z,high_risk_country,20,"{'rule_name': 'PeerOutlier', 'alert_age_days': 0}",LOW,PeerOutlier,network_analytics,78.3,USR20146,corporate,US,out,25273.3,False,False,False,0.0,False,0,0.5
ALT27433,USR64385,NICE,2026-02-23T17:09:53Z,flow_through,66,"{'rule_name': 'StructPattern', 'alert_age_days': 8}",MEDIUM,StructPattern,network_analytics,78.5,USR64385,smb,US,out,1815.97,False,False,False,0.0,False,7,0.8878357096788765
ALT78970,USR22723,Oracle FCC,2026-02-16T18:43:53Z,high_risk_country,22,"{'rule_name': 'PEPMatch', 'alert_age_days': 3, 'detection_channel': 'screening'}",MEDIUM,PEPMatch,screening,100.0,USR22723,smb,US,out,30.97,False,False,False,0.0,False,5,0.9046432353590078
ALT47556,USR44340,SAS,2026-02-21T09:11:53Z,smurfing,90,"{'rule_name': 'PeerOutlier', 'alert_age_days': 3, 'detection_channel': 'transaction_monitor'}",LOW,PeerOutlier,transaction_monitor,53.2,USR44340,smb,US,out,1789.06,False,False,False,0.0,False,0,0.5
ALT19332,USR63165,Oracle FCC,2026-02-11T22:42:53Z,structuring,71,"{'rule_name': 'CrossBorderFlow', 'alert_age_days': 2, 'detection_channel': 'network_analytics'}",LOW,CrossBorderFlow,network_analytics,41.1,USR63165,retail,US,out,1160.75,False,False,False,0.0,False,0,0.5
ALT17948,USR85858,FICO,2026-02-28T16:18:53Z,high_risk_country,88,"{'rule_name': 'DormantReactivate', 'alert_age_days': 4, 'detection_channel': 'transaction_monitor'}",LOW,DormantReactivate,transaction_monitor,65.3,USR85858,retail,US,out,1170.49,False,False,False,0.0,False,0,0.5
ALT56654,USR16522,Actimize,2026-02-16T04:09:53Z,cross_border,62,"{'rule_name': 'VelocityThreshold', 'alert_age_days': 8}",LOW,VelocityThreshold,screening,66.3,USR16522,corporate,US,out,1585.92,False,False,False,0.0,False,0,0.5
ALT32625,USR12811,FICO,2026-02-08T18:03:53Z,smurfing,26,"{'rule_name': 'VelocityThreshold', 'alert_age_days': 9}",LOW,VelocityThreshold,transaction_monitor,42.1,USR12811,private_banking,US,out,1050.46,False,False,False,0.0,False,0,0.5
ALT11087,USR73574,Actimize,2026-03-01T00:53:53Z,bank_alert,21,"{'rule_name': 'PEPMatch', 'alert_age_days': 9, 'detection_channel': 'surveillance'}",LOW,PEPMatch,surveillance,71.7,USR73574,retail,US,out,1013.42,False,False,False,0.0,False,0,0.5
ALT43287,USR35452,Oracle FCC,2026-03-05T20:09:53Z,rapid_velocity,45,"{'rule_name': 'SanctionsScreening', 'alert_age_days': 3}",MEDIUM,SanctionsScreening,screening,31.0,USR35452,retail,US,out,2750.58,False,False,False,0.0,False,2,0.9411067764352099
ALT65638,USR88788,SAS,2026-02-07T04:43:53Z,flow_through,75,"{'rule_name': 'StructPattern', 'alert_age_days': 4, 'detection_channel': 'surveillance'}",LOW,StructPattern,surveillance,93.1,USR88788,retail,US,out,486.33,False,False,False,0.0,False,0,0.5
ALT32575,USR52647,SAS,2026-02-19T20:33:53Z,high_amount_outlier,31,"{'rule_name': 'CrossBorderFlow', 'alert_age_days': 8}",LOW,CrossBorderFlow,network_analytics,48.0,USR52647,private_banking,US,out,264.67,False,False,False,0.0,False,0,0.5
ALT95578,USR12811,FICO,2026-03-03T13:42:53Z,low_buyer_diversity,83,"{'rule_name': 'StructPattern', 'alert_age_days': 9, 'detection_channel': 'network_analytics'}",LOW,StructPattern,network_analytics,32.7,USR12811,smb,US,out,102300.74,False,False,False,0.0,False,0,0.5
ALT78174,USR69736,FICO,2026-02-27T22:35:53Z,rapid_velocity,37,"{'rule_name': 'AmountSpike', 'alert_age_days': 2, 'detection_channel': 'network_analytics'}",MEDIUM,AmountSpike,network_analytics,37.4,USR69736,smb,US,out,374.73,False,False,False,0.0,False,0,0.8742015169437855
ALT51759,USR44340,Actimize,2026-03-04T10:51:53Z,cross_border,57,"{'rule_name': 'CrossBorderFlow', 'alert_age_days': 2}",HIGH,CrossBorderFlow,transaction_monitor,46.3,USR44340,retail,US,out,1274.38,False,False,False,0.0,True,0,0.5
ALT93529,USR92675,Oracle FCC,2026-02-19T05:06:53Z,high_amount_outlier,35,"{'rule_name': 'CrossBorderFlow', 'alert_age_days': 13}",LOW,CrossBorderFlow,screening,48.6,USR92675,private_banking,US,out,116.34,False,False,False,0.0,False,0,0.5
ALT43863,USR18254,Oracle FCC,2026-02-17T22:10:53Z,cross_border,54,"{'rule_name': 'DormantReactivate', 'alert_age_days': 3}",LOW,DormantReactivate,transaction_monitor,32.2,USR18254,smb,US,out,1305.97,False,False,False,0.0,False,0,0.5
